	Mann number	Nishi Number	WB	OB	Reconstruction	Nishi meaning	Nishi Achang	Nishi Achang source	Nishi Xiandao	Nishi Xiandao source	Nishi Zaiwa/Atsi	Nishi Zaiwa/Atsi source	Nishi Leqi/Lashi	Nishi Leqi/Lashi source	Nishi Langsu/Maru	Nishi Langsu/Maru source	Nishi Bola	Nishi Bola source
		1	phā			to patch	phɔ⁵⁵	Sun1991	phɔ⁵⁵	Sun1991	pho⁵¹	Sun1991	phɔ:³³	Sun1991			pha⁵⁵	Sun1991
		2	phā			to tinker (pans)	phɔ⁵⁵	Sun1991	phɔ⁵⁵	Sun1991	pho⁵¹	Sun1991	phɔ:³³	Sun1991			pha⁵⁵	Sun1991
	363a	3		phlū		white	phʐɔ⁵⁵	Sun1991	phʐu⁵⁵	Sun1991	phju⁵¹	Sun1991	phju:³³	Sun1991	phju³¹	Sun1991	phju⁵⁵	Sun1991
	345a	4	thū			thick					thu⁵¹	Sun1991	tʰu:³³	Sun1991	thau³¹	Sun1991	thu⁵⁵	Sun1991
		5	thwā			span thumb to out stretched middle finger	tho⁵⁵	Sun1991	tho⁵⁵	Sun1991	tho⁵¹	Sun1991	thọ³³	Sun1991	thu³¹	Sun1991	thɔ⁵⁵	Sun1991
		6	chan			rice	tshen⁵⁵	Sun1991	tshɛn⁵⁵	Sun1991	tʃhin⁵¹	Sun1991	tʃhɛn³³	Sun1991	tʃhin³¹	Sun1991	tʃhɔn⁵⁵	Sun1991
	347a	7	chū			fat  (pig)	tɕho⁵⁵	Sun1991			tshu⁵¹	Sun1991	tshu:³³	Sun1991	tshau³¹	Sun1991	tshu⁵⁵	Sun1991
	331a	8	chay			ten	tɕhe⁵⁵	Sun1991	-tshi⁵⁵	Sun1991	tshe⁵¹	Sun1991	-tshe³³	Sun1991	tshɛ³¹	Sun1991	-thai⁵⁵	Sun1991
	122a	9	chaṁ-			hair					tsham⁵¹	Sun1991	tsham³³	Sun1991	tshɛ̃³¹	Sun1991	tshɛ̃⁵⁵	Sun1991
	091a	10	chaṅ			elephant	tɕhaŋ⁵⁵	Sun1991	chaŋ⁵⁵	Sun1991			tshaŋ³³	Sun1991	tshɛ̃³¹	Sun1991	tshɔ̃⁵⁵	Sun1991
		11				inside	-xau⁵⁵	Sun1991	-xau⁵⁵	Sun1991	-khau⁵¹	Sun1991	-khou³³	Sun1991	-khuk³¹	Sun1991	-khau⁵⁵	Sun1991
		12	khap			fetch/draw(water)	xam⁵⁵	Sun1991			kham⁵¹	Sun1991			khɛ̃³¹	Sun1991	khɛ̃⁵⁵	Sun1991
		13	khye			(barking) deer			tshi⁵⁵	Sun1991	-tʃhi⁵¹	Sun1991			-tʃhik⁵⁵	Sun1991	-tʃhi⁵⁵	Sun1991
	374a	14	khyui			sweet					tʃhui³¹	Sun1991	tʃha:u³³	Sun1991	tʃhuk³¹	Sun1991	-tʃhu⁵⁵	Sun1991
	375a	15		khyan		sour			tshɛn⁵⁵	Sun1991	tʃịn⁵¹	Sun1991	tʃị:n³³	Sun1991	tʃị:ŋ³¹	Sun1991	tʃɔ̣n⁵⁵	Sun1991
		16	khywan			pare/peel with					tʃhun⁵¹	Sun1991	tʃhu:n³³	Sun1991	tʃhum³¹	Sun1991	tʃhɔn⁵⁵	Sun1991
		17				radish	-tɕhi⁵⁵	Sun1991	-chi⁵⁵	Sun1991	-khji⁵¹	Sun1991	-khjei³³	Sun1991	-khjik³¹	Sun1991	-khji⁵⁵	Sun1991
	157a	18	khre			foot	tɕhi⁵⁵	Sun1991	chi⁵⁵	Sun1991	khji⁵¹	Sun1991	khjei³³	Sun1991	khjik³¹	Sun1991	khji⁵⁵	Sun1991
	089a	19	khyui		kr-	horns	khʐau⁵⁵	Sun1991	-khʐau⁵⁵	Sun1991	khjui⁵¹	Sun1991	khjou³³	Sun1991	khjuk³¹	Sun1991	khju⁵⁵	Sun1991
		20	khraṁ			garden (plot)	khʐam⁵⁵	Sun1991	khʐam⁵⁵	Sun1991	khjam⁵¹	Sun1991	khjam³³	Sun1991	khjɛ̃³¹	Sun1991	khjɛ̃⁵⁵	Sun1991
	079a	21	phrū			porcupine	phʐɔ⁵⁵	Sun1991			pjụ⁵¹	Sun1991	-pjụ³³	Sun1991	pjụ³¹	Sun1991	pju⁵⁵	Sun1991
		22	twan		ɂtw	to crow (cocks)	thun⁵⁵	Sun1991	thun⁵⁵	Sun1991	pjụ⁵¹	Sun1991	tụ:n³³	Sun1991	tụm³¹	Sun1991	tɔ̣n⁵⁵	Sun1991
		23	-khre			gall bladder	-tɕhi³⁵	Sun1991	-chi³⁵	Sun1991	-kjị⁵¹	Sun1991	kjẹi⁵⁵	Sun1991	kjịk³¹	Sun1991	kjị⁵⁵	Sun1991
	114a	24	khraṅ			mosquito			-khʐaŋ⁵⁵	Sun1991	kjạŋ⁵¹	Sun1991	kjạŋ³³	Sun1991	kjɔ̣̃³¹	Sun1991	kjɔ̣̃⁵⁵	Sun1991
	186a	25	ɂim			house	in⁵⁵	Sun1991	in⁵⁵	Sun1991	jụm⁵¹	Sun1991	jɔ̣m³³	Sun1991	jạm³¹	Sun1991	jạm⁵⁵	Sun1991
		26	ɂū			intestine	-u⁵⁵	Sun1991	-u⁵⁵	Sun1991	u⁵¹	Sun1991	ụ³³	Sun1991	ạu³¹	Sun1991	u⁵⁵	Sun1991
		27	ɂoṅ			win	ɔŋ⁵⁵	Sun1991	uŋ⁵⁵	Sun1991	uŋ⁵¹	Sun1991	ɔ:ŋ³³	Sun1991	auŋ³¹	Sun1991	auŋ⁵⁵	Sun1991
86	269a	28	se			die	ʂï⁵⁵	Sun1991	ʂï⁵⁵	Sun1991	ʃi⁵¹	Sun1991	ʃe:i³³	Sun1991	ʃik³¹	Sun1991	ʃï⁵⁵	Sun1991
		29				pull, drag; inhale	ʂa⁵⁵	Sun1991	ʂa⁵⁵	Sun1991	ʃe⁵¹	Sun1991	ʃɛ̣:³³	Sun1991	ʃɛ³¹	Sun1991	ʃɛ⁵⁵	Sun1991
	034c	30	saṁ			iron	ʂam⁵⁵	Sun1991	ʂam⁵⁵	Sun1991	ʃam⁵¹	Sun1991			ʃɛ̃³¹-	Sun1991	ʃɛ̃⁵⁵-	Sun1991
	006a	31	nhaṅḥ			frost, mist	ŋ̊an⁵⁵	Sun1991	ŋ̊an⁵⁵	Sun1991	ŋạn⁵¹	Sun1991	ŋạn³³	Sun1991	ŋạŋ³¹	Sun1991	ŋɛ̣̃⁵⁵	Sun1991
	332a	32		ryā	ɂry-	hundred					ʃo⁵¹	Sun1991	ʃọ³³	Sun1991	ʃɔ³¹	Sun1991	ja⁵⁵	Sun1991
		33	rhā			search					xo⁵¹	Sun1991	ʃɔ:̣³³	Sun1991	xɔ³¹	Sun1991	xa⁵⁵	Sun1991
	341a	34	rhañ			long	səŋ⁵⁵	Sun1991	sɤŋ⁵⁵	Sun1991	xiŋ⁵¹	Sun1991	ʃẹ:ŋ³³	Sun1991	xaŋ³¹	Sun1991	xaŋ⁵⁵	Sun1991
		35	phyaṁ		sram|pram	otter	sam⁵⁵	Sun1991			xam⁵¹	Sun1991	ʃạm³³	Sun1991	xɛ̃³¹	Sun1991	xɛ̃⁵⁵	Sun1991
	185a	36	lhe			boat	xə⁵⁵	Sun1991	xɤ⁵⁵	Sun1991	lại⁵¹	Sun1991			lạ³¹	Sun1991	lị⁵⁵	Sun1991
57		37	lhyā			tongue	ɕɔ⁵⁵	Sun1991	çɔ⁵⁵	Sun1991	ʃo⁵¹	Sun1991	jọ³³	Sun1991	ʃɔ³¹	Sun1991	ʃa⁵⁵	Sun1991
		38				be, have	pɔ⁵⁵	Sun1991	pɔ³¹	Sun1991	po⁵¹	Sun1991	pɔ:³¹	Sun1991	po³¹	Sun1991	pa⁵⁵	Sun1991
		39	puṁ			moutain; heap	pum⁵⁵	Sun1991	pum⁵⁵	Sun1991	pum⁵¹	Sun1991	pɔm³¹	Sun1991	pam³¹	Sun1991	pam⁵⁵	Sun1991
		40	prā			soul, spirit	-pʐua⁵⁵	Sun1991	-pʐɔ⁵⁵	Sun1991	-pjo⁵¹	Sun1991	-pju³¹	Sun1991	-pjɔ³¹	Sun1991		
		41	prañ			pus	pʐəŋ⁵⁵	Sun1991	pʐɯŋ⁵⁵	Sun1991	pjiŋ⁵¹-	Sun1991			pjan³¹-	Sun1991	pjaŋ⁵⁵	Sun1991
		42	tū			hammer					-tu⁵¹	Sun1991	-tu³¹	Sun1991	-tau³¹	Sun1991	-tu⁵⁵	Sun1991
	095a	43	toṅ			wing	-tuŋ⁵⁵	Sun1991	-tuŋ⁵⁵	Sun1991	tuŋ⁵¹	Sun1991	tuŋ³¹	Sun1991	tauŋ³¹	Sun1991	tauŋ⁵⁵	Sun1991
		44	-cā			rice(cooked)	tɕɔ⁵⁵	Sun1991	cɔ⁵⁵	Sun1991					tsɔ³¹	Sun1991	ta⁵⁵	Sun1991
		45				bridge	tɕam⁵⁵	Sun1991	cam⁵⁵	Sun1991	tsam⁵¹	Sun1991	tsam³¹	Sun1991	tsɛ̃³¹	Sun1991	tsɛ̃⁵⁵	Sun1991
		46	cwan			kite; hawk			cun³¹-	Sun1991	tsun⁵¹	Sun1991	tsɔn³¹	Sun1991	tsum³¹	Sun1991	tsɔn⁵⁵	Sun1991
		47	cañ			drum	tɕeŋ⁵⁵	Sun1991			tsiŋ⁵¹	Sun1991	tsəŋ³¹	Sun1991	tsaŋ³¹-	Sun1991	taŋ⁵⁵	Sun1991
	092a	48	cway			tooth	tɕoi⁵⁵	Sun1991	cui⁵⁵	Sun1991	tsui⁵¹	Sun1991	tsï³¹	Sun1991	tsɔi³¹	Sun1991	tui⁵⁵	Sun1991
		49	kaṅ			warm by (fire)	kuaŋ⁵⁵	Sun1991			kaŋ⁵¹	Sun1991	ka:ŋ³¹	Sun1991	kɔ̃³¹	Sun1991	kɔ̃⁵⁵	Sun1991
	050a	50	mhui		m-	mushroom	mau⁵⁵	Sun1991			mau⁵¹-	Sun1991	mou³¹-	Sun1991	muk³¹	Sun1991	mau⁵⁵	Sun1991
72	182a	51	-mañ			named; (name vt)	-ñiŋ⁵⁵	Sun1991	niŋ⁵⁵	Sun1991	mjiŋ⁵¹	Sun1991	mjiŋ³¹	Sun1991	maŋ³¹	Sun1991	maŋ⁵⁵	Sun1991
		52	mrañ			loud	mʐəŋ⁵⁵	Sun1991	mɤŋ⁵⁵	Sun1991	mjiŋ⁵¹	Sun1991	mjə:ŋ³¹	Sun1991	mjaŋ³¹	Sun1991	mjaŋ⁵⁵	Sun1991
	224a	53	mraṅ			see	-mʐaŋ⁵⁵	Sun1991	mʐaŋ⁵⁵	Sun1991	mjaŋ⁵¹	Sun1991	mja:ŋ³¹	Sun1991	mjɔ̃³¹	Sun1991	mjɔ̃⁵⁵	Sun1991
	228a	54		mluiw|myuiw		swallow			ɲau⁵⁵	Sun1991	mjị⁵¹	Sun1991			mjuk³¹	Sun1991	mjuŋ⁵⁵	Sun1991
25	264a	56	nā			hurt, ill	nɔ⁵⁵	Sun1991	nɔ⁵⁵	Sun1991	no⁵¹	Sun1991	nɔ:³¹	Sun1991	nɔ³¹	Sun1991	na⁵⁵	Sun1991
	026b	55		mliy		earth, soil	mi⁵⁵	Sun1991	m̥i⁵⁵	Sun1991	mji⁵¹-	Sun1991	mji³¹-	Sun1991	mjik³¹	Sun1991	məi⁵⁵|mi⁵⁵-	Sun1991
		57	naṅ			thou (2sg nom.)	nuaŋ⁵⁵	Sun1991	nɔŋ⁵⁵	Sun1991	naŋ⁵¹	Sun1991	naŋ³¹	Sun1991	nɔ̃³¹	Sun1991	nɔ̃⁵⁵	Sun1991
		58	ne			be, live	ni⁵⁵	Sun1991	nai⁵⁵	Sun1991	ŋji⁵¹	Sun1991	ŋje:³¹	Sun1991	na³¹	Sun1991	ŋji⁵⁵	Sun1991
	364a	59	nī			red	na⁵⁵	Sun1991	na⁵⁵	Sun1991	ne⁵¹	Sun1991	nɛ:³¹	Sun1991	nɛ³¹	Sun1991	nɛ⁵⁵	Sun1991
		60	-nway			cane, vine	nui⁵⁵	Sun1991	-nui⁵⁵	Sun1991	nui⁵¹	Sun1991			nɔi³¹	Sun1991	nø⁵⁵	Sun1991
66	127a	61	nhā			nose			n̥ap³¹	Sun1991	nọ⁵¹	Sun1991	nọ³³	Sun1991	nɔ̣³¹	Sun1991	nạ⁵⁵	Sun1991
		62	nhaṁ			ear, spike	-n̥am⁵⁵	Sun1991	-n̥am⁵⁵	Sun1991	-nạm⁵¹	Sun1991	-nạm³³	Sun1991	nɛ̃³¹	Sun1991	nɛ̣̃⁵⁵	Sun1991
	365a	63	ñui			green, blue, brown	ñau⁵⁵	Sun1991	ɲau⁵⁵	Sun1991	ŋjui⁵¹	Sun1991	ŋja:u³¹	Sun1991	ŋjuk³¹	Sun1991	ŋjuŋ⁵⁵	Sun1991
		64	ṅā			I(1sg. nom.)	ŋɔ⁵⁵	Sun1991	ŋɔ⁵⁵	Sun1991	ŋo⁵¹	Sun1991	ŋo³¹	Sun1991	ŋɔ³¹	Sun1991	ŋa⁵⁵	Sun1991
	226a	65	ṅui			weep	ŋau⁵⁵	Sun1991	ŋau⁵⁵	Sun1991	ŋau⁵¹	Sun1991	ŋa:u³¹	Sun1991	ŋuk³¹	Sun1991	ŋau⁵⁵	Sun1991
	033a	66	ṅuy			silver	ŋui⁵⁵	Sun1991	ŋui⁵⁵	Sun1991	ŋun⁵¹	Sun1991	ŋə³¹	Sun1991	ŋø³¹	Sun1991	ŋø⁵⁵	Sun1991
	023a	67	re			water					vui⁵¹	Sun1991	?kjei³¹	Sun1991	ɣək³¹	Sun1991	ɣəi⁵⁵	Sun1991
		68	ray			to laugh, smile	ʐə⁵⁵	Sun1991	ʐɯ⁵⁵	Sun1991	vui⁵¹	Sun1991	ji:³¹	Sun1991	ɣəi³¹	Sun1991	ɣəi⁵⁵	Sun1991
		69	raṅ			chest					vaŋ⁵¹-	Sun1991	jaŋ³¹-	Sun1991	ɣɔ̃³¹-	Sun1991	ɣɔ⁵⁵-	Sun1991
46	007a	70	rwā			rain	ʐo⁵⁵	Sun1991	ʐo⁵⁵	Sun1991	vo⁵¹	Sun1991	wɔ:⁵³	Sun1991	vu³¹	Sun1991	ɣɔ⁵⁵-	Sun1991
	183a	71	rwā			village	o⁵⁵	Sun1991	o⁵⁵	Sun1991	va⁵¹	Sun1991	wo³¹	Sun1991	vɔ³¹	Sun1991	va⁵⁵	Sun1991
		72	-raṁ			wall					-vam⁵¹	Sun1991	-jam³¹	Sun1991	-ɣɛ̃³¹	Sun1991		
3		73	liy			air, breeze, wind	l̥i⁵⁵	Sun1991	lai⁵⁵	Sun1991	lai⁵¹	Sun1991	lei³¹	Sun1991	la³¹	Sun1991	lei⁵⁵|li⁵⁵	Sun1991
		74	laṅ			husband					laŋ⁵¹	Sun1991	laŋ³¹	Sun1991	lɔ̃³¹	Sun1991	jɔ̃³¹lɔ̃⁵⁵	Sun1991
		75	laññ			neck	laŋ³¹-	Sun1991	lɤŋ³¹-	Sun1991	liŋ⁵¹-	Sun1991	ləŋ³¹-	Sun1991	laŋ³¹-	Sun1991	laŋ⁵⁵-	Sun1991
47		76	laṁ			unit of length = two yards	lam⁵⁵	Sun1991	lam⁵⁵	Sun1991	lam⁵¹	Sun1991	lam³¹	Sun1991	lɛ̃³¹	Sun1991	lɛ̃⁵⁵	Sun1991
		77				(luke)warm	lum⁵⁵	Sun1991	lum⁵⁵	Sun1991		Sun1991	lu:ŋ³¹	Sun1991			lam⁵⁵	Sun1991
		78				rely/lean on					lum⁵¹	Sun1991	lu:m³¹	Sun1991	lam³¹	Sun1991	lam⁵⁵	Sun1991
		79	wā			cotton	-u⁵⁵	Sun1991	-u⁵⁵	Sun1991	-ụ⁵¹	Sun1991	-ụ³³	Sun1991	-ạu³¹	Sun1991	-u⁵⁵	Sun1991
		80	way			buy	oi⁵⁵	Sun1991	ui⁵⁵	Sun1991	vui⁵¹	Sun1991	ɣə:³¹	Sun1991	vai³¹	Sun1991	vɛ⁵⁵	Sun1991
29	074a	81	waṃ			bear n.	ɔm⁵⁵	Sun1991	om⁵⁵	Sun1991	vam⁵¹	Sun1991	wɔm³¹	Sun1991	vɛ̃³¹	Sun1991	vɛ̃⁵⁵	Sun1991
		82	wan			carry (money) on					vun⁵¹	Sun1991	wu:n³¹	Sun1991	vəŋ³¹	Sun1991	vɔn⁵⁵	Sun1991
	277a	83	waṅ			enter	ɔŋ⁵⁵	Sun1991	oŋ⁵⁵	Sun1991	vaŋ⁵¹	Sun1991	va:ŋ³¹	Sun1991	vɔ̃³¹	Sun1991	vɔ̃⁵⁵	Sun1991
		84	yū			take, hold, get	ñu⁵⁵	Sun1991			ju⁵¹	Sun1991	ju:³¹	Sun1991	ju³¹	Sun1991	ju⁵⁵	Sun1991
		85	yā			fields	ʑɔ⁵⁵	Sun1991	jɔ⁵⁵-	Sun1991	jɔ⁵¹	Sun1991	jo³¹-	Sun1991	jɔ³¹	Sun1991	ji³¹-	Sun1991
	355b	86	yā			right	ʑɔ⁵⁵	Sun1991	jɔ⁵⁵	Sun1991	jo⁵¹	Sun1991	jɔ³¹	Sun1991	jɔ³¹	Sun1991	ja⁵⁵	Sun1991
		87	yui			leak	ʑau⁵⁵	Sun1991	jau³¹	Sun1991	jui⁵¹	Sun1991	ja:u³¹	Sun1991	juk³¹	Sun1991	ju⁵⁵	Sun1991
		88				(swelling) subside	jɔm⁵⁵	Sun1991			jom⁵¹	Sun1991	ju:m³¹	Sun1991	jum³¹	Sun1991	jø̃⁵⁵	Sun1991
		89				side, edge, rim	-ʑam⁵⁵	Sun1991	-jam⁵⁵	Sun1991	-jam⁵¹	Sun1991	-jam³¹	Sun1991	-jɛ̃³¹	Sun1991	-jɛ̃⁵⁵	Sun1991
		90	yaṅ			fly n.					jaŋ⁵¹-	Sun1991	jaŋ³¹-	Sun1991	jɔ̃³¹-	Sun1991	jɔ̃⁵⁵-	Sun1991
	106a	91	phāḥ			frog	phɔ³¹	Sun1991	phă³¹cak⁵⁵	Sun1991	pọ̆²¹kjẹk⁵⁵	Sun1991	pɑ̣⁵⁵	Sun1991	pɔ̣³⁵	Sun1991	pạ³⁵	Sun1991
		92	phuiḥ			expensive					phau²¹	Sun1991	pha:u⁵⁵	Sun1991	phuk⁵⁵	Sun1991	phau³⁵	Sun1991
		93	phwai			chaff, bran	-phoi³¹-	Sun1991	phu³¹-	Sun1991	phui²¹-	Sun1991	-phə⁵⁵	Sun1991	-phɔi³⁵	Sun1991	-phui³⁵	Sun1991
	298a	94	thuiḥ			jab, poke, stab	thau³¹	Sun1991			thau²¹	Sun1991	tha:u⁵⁵	Sun1991	thuk⁵⁵	Sun1991	thau³⁵	Sun1991
		95	thaṅḥ			firewood	thuaŋ³¹	Sun1991	thɔŋ³¹	Sun1991	thaŋ²¹	Sun1991	thaŋ⁵⁵	Sun1991	thɔ̃³⁵	Sun1991	thɔ̃³⁵	Sun1991
	305a	96	thoṅḥ			to pestle, pound	thuŋ³¹	Sun1991	thuŋ³¹	Sun1991	thuŋ²¹	Sun1991	thu:ŋ⁵⁵	Sun1991	thauŋ³⁵	Sun1991	thauŋ³⁵	Sun1991
	071a	97	chāḥ			salt	tɕhɔ³¹	Sun1991	chɔ³¹	Sun1991	tsho⁵⁵	Sun1991	tsho⁵⁵	Sun1991	tshɔ³⁵	Sun1991	tsha³⁵	Sun1991
		98				used, old	tʂhau³¹-	Sun1991	tʂhau³¹	Sun1991	-tshau²¹	Sun1991	tsha:u⁵⁵	Sun1991	tshuk⁵⁵	Sun1991	tʃhau³⁵	Sun1991
	197a	99	chuiḥ			dye (cloth)	tʂhau³¹	Sun1991	tʂhau³¹	Sun1991	tshau²¹	Sun1991	tsha:u⁵⁵	Sun1991	tshuk⁵⁵	Sun1991	tshau³⁵	Sun1991
	265b	100	cheḥ			medicine					tʃhi²¹	Sun1991	tʃhei⁵⁵	Sun1991	tʃhik⁵⁵	Sun1991	tʃhï³⁵	Sun1991
		101	cheḥ						tshi³¹	Sun1991	tʃhi²¹	Sun1991	tʃhe:i⁵⁵	Sun1991	tʃhik⁵⁵	Sun1991	tʃhï³⁵	Sun1991
		102	-chuiḥ-			widow					tʃhui²¹-	Sun1991	tʃhou⁵⁵-	Sun1991	tʃhuk⁵⁵-	Sun1991	tʃhu³⁵-	Sun1991
		103				buckle up, fasten	tshe³¹	Sun1991	tshi³¹	Sun1991			tʃhy:⁵⁵	Sun1991	tʃhui³⁵	Sun1991	tʃhui³⁵	Sun1991
		104	khūḥ			scoop out; fill					khui²¹	Sun1991	khu:⁵⁵	Sun1991	khau³⁵	Sun1991	khu³⁵	Sun1991
1	376a	105	khāḥ			bitter	xɔ³¹	Sun1991	xɔ³¹	Sun1991	kho²¹	Sun1991	kho:⁵⁵	Sun1991	khɔ³⁵	Sun1991	kha³⁵	Sun1991
38	321a	106	khuiwḥ			steal	xau³¹	Sun1991	xau³¹	Sun1991	khau²¹	Sun1991	kha:u⁵⁵	Sun1991	khuk⁵⁵	Sun1991	khau³¹	Sun1991
	214b	107	-khuiḥ			smoke	-xau³¹	Sun1991	-xau³¹	Sun1991	-khau²¹	Sun1991	-khou⁵⁵	Sun1991	-khuk⁵⁵	Sun1991		
37	081a	108	khuyḥ			dog	xui³¹	Sun1991	fui³¹	Sun1991	khui²¹	Sun1991	khui⁵⁵	Sun1991	-kha³⁵	Sun1991	khui³⁵	Sun1991
	064a	109	khyaṅḥ			ginger	tɕhaŋ³¹	Sun1991	tʂhaŋ³¹	Sun1991	tʃhaŋ²¹	Sun1991	tʃhaŋ⁵⁵-	Sun1991	tʃhɔ̃³⁵	Sun1991	tʃhɔ̃³⁵	Sun1991
		110				blow(nose)	xʐauɂ³¹	Sun1991	tʂhau³¹	Sun1991	khjui²¹	Sun1991	khja:u⁵³	Sun1991	khjuk⁵⁵	Sun1991	khju³⁵	Sun1991
	167a	111	khleḥ			excrement	tɕhi³¹	Sun1991	khɯ³¹	Sun1991	khji²¹	Sun1991	khjei⁵⁵	Sun1991	khjik⁵⁵	Sun1991	khji³⁵	Sun1991
		112	khyuiḥ			snap, break	khʐau³¹	Sun1991	khʐau³¹	Sun1991	khjui²¹	Sun1991	-khja:u⁵⁵	Sun1991	khjuk⁵⁵	Sun1991	khju³⁵	Sun1991
	236a	113	-khyoṅḥ			throat	khʐoŋ³¹-	Sun1991	khʐoŋ³¹-	Sun1991	khjuŋ²¹-	Sun1991	khjuŋ⁵⁵	Sun1991	khjauŋ³⁵	Sun1991	khjauŋ³⁵	Sun1991
		114	-khwā-			cucumber	-xo³¹	Sun1991	-xo³¹	Sun1991	-kho²¹	Sun1991	-kho⁵⁵	Sun1991	-khu³⁵	Sun1991	-khɔ³⁵	Sun1991
		115	khwan			setence CL	xun³¹	Sun1991	xon³¹	Sun1991	khun²¹	Sun1991	khuan⁵⁵	Sun1991	khum³⁵	Sun1991	khɔn³⁵	Sun1991
94	346a	116	pāḥ		ɂp-	thin							pɔ̣:⁵⁵	Sun1991	pɔ̣̃³⁵	Sun1991	pạ³⁵	Sun1991
		117	mīḥ-roṅḥ			bamboo blower							-pjụŋ⁵⁵	Sun1991	-pjạuŋ̣̃³⁵	Sun1991	-pjạuŋ̣̃³⁵	Sun1991
		118	thāḥ			put in order					tọ²¹	Sun1991	tɔ̣:⁵⁵	Sun1991	tɔ̣̣³⁵	Sun1991	tạ³⁵-	Sun1991
		119	thūḥ			to answer	thu³¹	Sun1991			tụ²¹	Sun1991	tụ:⁵⁵	Sun1991	tạu³⁵	Sun1991	tụ³⁵	Sun1991
		120				rope, string	toi³¹	Sun1991	tui³¹	Sun1991	tụi²¹	Sun1991	tə̣⁵⁵	Sun1991	tɔ̣̣i⁵⁵	Sun1991	tụi³⁵	Sun1991
		121	taṅḥ			tense, tight, taut							tə̣:ŋ⁵⁵	Sun1991	tạŋ³⁵	Sun1991	tạŋ³⁵	Sun1991
		122				point at/to/out					tun²¹	Sun1991	tụ:n⁵⁵	Sun1991	tụm³⁵	Sun1991	tɔ̣̣n³⁵	Sun1991
	236b	123	chuiḥ			to cough	tʂhau³¹	Sun1991	tʂau³¹	Sun1991	tsạu²¹	Sun1991	tsạ:u⁵⁵	Sun1991	tsụk⁵⁵	Sun1991	tạu³⁵	Sun1991
		124		khiyḥ		borrow (money)					tʃi²¹	Sun1991	tʃẹ:i⁵⁵	Sun1991	tʃịk⁵⁵	Sun1991	tʃị³⁵	Sun1991
		125				separate	khuaŋ³¹	Sun1991			kạŋ²¹	Sun1991	kạ:ŋ⁵⁵	Sun1991	kɛ̃⁵⁵	Sun1991	-kɛ̃³⁵-	Sun1991
	121a	126	-ɂūḥ			head	u³¹-	Sun1991	u³¹-	Sun1991	ụ²¹-	Sun1991	wɔ̣⁵⁵-	Sun1991	au³⁵-	Sun1991	ụ³⁵-	Sun1991
		127	-ɂuiḥ			large iron work	au³¹	Sun1991	au³¹	Sun1991	-au²¹	Sun1991	-ou⁵⁵	Sun1991	-ụk⁵⁵	Sun1991	-ạu³⁵	Sun1991
93	164a	128	sweḥ			blood	sui³¹	Sun1991	sui³¹	Sun1991	sui²¹	Sun1991	sui⁵⁵	Sun1991	sï³⁵	Sun1991	sï³⁵	Sun1991
		129	sweḥ			whet(knife)	soi³¹	Sun1991	sui³¹	Sun1991	sui²¹	Sun1991	sï³⁵	Sun1991	sui³⁵	Sun1991	sui³⁵	Sun1991
	324a	130	sumḥ			three	sum³¹	Sun1991	sum³¹	Sun1991	sum²¹	Sun1991	sɔm⁵⁵	Sun1991	sam³¹	Sun1991	sam³⁵	Sun1991
85	143a	131	saññḥ			liver	-ʂəŋ³¹	Sun1991	-ʂɯŋ³¹	Sun1991	siŋ²¹	Sun1991	səŋ⁵⁵	Sun1991	saŋ³⁵	Sun1991	saŋ³⁵	Sun1991
74	150a	132	-sañḥ			(finger)nail	-ʂəŋ³¹	Sun1991	-ʂɯŋ³¹	Sun1991	-siŋ²¹	Sun1991	-səŋ⁵⁵	Sun1991	saŋ³⁵	Sun1991	-saŋ³⁵	Sun1991
		133	swā			to walk	so³¹	Sun1991	so³¹	Sun1991	so²¹	Sun1991	sɔ̣:⁵⁵	Sun1991	su³⁵	Sun1991	sɔ³⁵	Sun1991
80	045a	134	sīḥ			fruit	ʂə³¹	Sun1991	ʂï³¹	Sun1991	ʃi²¹	Sun1991	ʃï⁵⁵	Sun1991	ʃï³⁵	Sun1991	ʃï³⁵	Sun1991
22	161a	135	sāḥ			meat, flesh	ʂua³¹	Sun1991	ʂɔ³¹	Sun1991	ʃo²¹	Sun1991	ʃɔ⁵⁵	Sun1991	ʃɔ³⁵	Sun1991	ʃa³⁵	Sun1991
	110a	136	sanḥ			louse	ʂan³¹	Sun1991	ʂan³¹	Sun1991	ʃin²¹	Sun1991	ʃɛ̣n⁵⁵	Sun1991	ʃiŋ³⁵	Sun1991	ʃɔn³⁵	Sun1991
68		137	mweḥ		ɂm-	body hair	-mui³¹	Sun1991	mui³¹	Sun1991	-mau⁵⁵	Sun1991	-mou⁵⁵	Sun1991	-muk⁵⁵	Sun1991	-mau³⁵	Sun1991
		138				pave, lay	m̥ɔ³¹	Sun1991	m̥ʐoŋ³¹	Sun1991			mjụ⁵⁵	Sun1991	jạuŋ⁵⁵	Sun1991	mjụŋ³⁵	Sun1991
		139	nhamḥ			sesame			n̥am³¹	Sun1991	nạm²¹	Sun1991	nạm⁵⁵-	Sun1991	nɛ̣̣³⁵	Sun1991	nɛ̣̣̃³⁵--³¹pi⁵⁵	Sun1991
	149a	140	ñhuiḥ			finger	-ñ̥au³¹	Sun1991	-ɲ̊au³¹	Sun1991	-ŋjụ²¹	Sun1991	-ŋjọ⁵⁵	Sun1991	-ŋjụk⁵⁵	Sun1991	-ŋjụŋ³⁵	Sun1991
		140	ñañḥ			to scold; complain					nịŋ²¹	Sun1991	nə̣:ŋ⁵⁵	Sun1991				
		141				male genitals	ñ̥i³¹-	Sun1991	n̥i³¹	Sun1991	ŋjị²¹	Sun1991	ŋjị⁵⁵	Sun1991	ŋjị³⁵	Sun1991	ŋjị³⁵	Sun1991
		143	ñhuiḥ			wither, fade	ñ̥au³¹	Sun1991	ɲ̊au³¹	Sun1991	ŋjụ²¹	Sun1991	-ŋjạ:u⁵⁵	Sun1991			ŋjụ³⁵	Sun1991
		144	ṅhāḥ 			to borrow (tools)	m̥ɔ³¹	Sun1991	ŋ̊ɔ³¹	Sun1991	ŋọ²¹	Sun1991	ŋɔ̣:⁵⁵	Sun1991	ŋɔ̣³⁵	Sun1991	ŋạ³⁵	Sun1991
	318a	145	roṅḥ			sell	uŋ³¹	Sun1991	uŋ³¹	Sun1991	uŋ²¹	Sun1991	ɔ:ŋ⁵⁵	Sun1991	auŋ³⁵	Sun1991	auŋ³⁵	Sun1991
		146				to plant (tree)	sɔ³¹	Sun1991	sɔ³¹	Sun1991	xo²¹	Sun1991	ʃɔ:⁵⁵	Sun1991	xɔ³⁵	Sun1991	xa³⁵	Sun1991
		147				topple down			l̥in³¹	Sun1991	-lẹŋ²¹	Sun1991	-lə̣:ŋ⁵⁵	Sun1991	lạŋ⁵³	Sun1991	laŋ³⁵	Sun1991
		148				overthrow, down	ləŋ³¹	Sun1991	liŋ³¹	Sun1991	-lẹŋ²¹	Sun1991	-lə̣ŋ⁵⁵	Sun1991	-lạŋ³¹	Sun1991	lạŋ³⁵	Sun1991
		149	lheḥ			flea	l̥i³¹	Sun1991	-lai³¹	Sun1991	-lại²¹	Sun1991	-lẹi⁵⁵	Sun1991	-lạ³⁵	Sun1991	-lụi³⁵	Sun1991
	288a	150	peḥ			give					pji²¹	Sun1991	pje:i³³	Sun1991	pjik⁵⁵	Sun1991	pi³¹	Sun1991
	107a	151	puiḥ			insect	pau³¹	Sun1991	pau³¹	Sun1991	pau²¹	Sun1991	pou³³	Sun1991	puk⁵⁵	Sun1991	pau³¹	Sun1991
	044a	152	panḥ			flower			pan⁵⁵-	Sun1991	pan²¹	Sun1991	pan³³	Sun1991	pəŋ³⁵	Sun1991	pɛ̃³¹-	Sun1991
		153	poṅḥ			to steam	poŋ³¹	Sun1991			puŋ²¹	Sun1991	pɔ:ŋ³³	Dai1991	pauŋ³⁵	Sun1991	pauŋ³¹	Sun1991
		154	poṅḥ-			bamboo steamer	-puŋ³¹	Sun1991	puŋ³¹	Sun1991	puŋ²¹-	Sun1991	pɔŋ³³-	Sun1991	pauŋ³⁵	Sun1991	pauŋ³¹	Sun1991
		155				(two) CL (birds)	tu³¹	Sun1991	tu⁵¹	Sun1991	tu²¹	Sun1991	tu³³	Sun1991	tau³⁵	Sun1991	tɔ³¹	Sun1991
		156	tūḥ			dig/scoop out	tu³¹	Sun1991	tu³¹	Sun1991	tu²¹	Sun1991	tu³³	Sun1991	tau³⁵	Sun1991		
		157				roll up; circle	təŋ³¹	Sun1991	tɤŋ³¹	Sun1991	tiŋ²¹	Sun1991	tə:ŋ³³	Sun1991	tɔ̃³⁵-	Sun1991	taŋ³¹	Sun1991
		158	twāḥ			to crawl	to³¹	Sun1991	to³¹	Sun1991	to²¹	Sun1991			tũ³⁵	Sun1991	tɔ³¹	Sun1991
	279a	159	twanḥ			push; press	tun³¹	Sun1991	tun³¹	Sun1991	tun²¹	Sun1991	tu:n³³	Sun1991	tum̃³⁵	Sun1991	tɔn³¹	Sun1991
		160				neck	-tsəŋ³¹	Sun1991	-tsɤŋ³¹	Sun1991	-tsiŋ²¹	Sun1991	-tsəŋ³³	Sun1991	-tsaŋ³⁵	Sun1991	-taŋ³¹	Sun1991
	041a	161	cūḥ			thorn	tɕo³¹	Sun1991	cu³¹	Sun1991	tsu²¹	Sun1991	tsu³³	Sun1991	tsau³⁵	Sun1991	tu³¹	Sun1991
	227a	162	cāḥ			eat	cɔ³¹	Sun1991			tso²¹	Sun1991	tsɔ:³³	Sun1991	tsɔ³⁵	Sun1991	ta³¹	Sun1991
		163				son	tsɔ³¹	Sun1991	-tsɔ³¹	Sun1991	-tso²¹	Sun1991			tsɔ³⁵	Sun1991	ta³¹	Sun1991
		164	cīḥ			ride	tsi³¹	Sun1991	tsi³¹	Sun1991	tʃi²¹	Sun1991	tʃy:³³	Sun1991	tʃui³⁵	Sun1991	tʃui³¹	Sun1991
	339a	165	krīḥ			big	kʐə³¹	Sun1991	kɯ³¹	Sun1991			kji:³³	Sun1991	ɣə³⁵	Sun1991		
		166	kūḥ			cross (river)					ku²¹	Sun1991	ku:³³	Sun1991	kau³⁵	Sun1991	ku³¹	Sun1991
	330a	167	kuiḥ			nine	kau³¹	Sun1991	kau³¹	Sun1991	kau²¹	Sun1991	kou³³	Sun1991	kuk³¹	Sun1991	kau³¹	Sun1991
		168	kyuiḥ			break, snap (vi)	kʐau³¹	Sun1991	kʐau³¹	Sun1991	kjui²¹	Sun1991	kja:u³³	Sun1991	kjuk⁵⁵	Sun1991	kju³¹	Sun1991
		169	kreḥ			copper					kji²¹	Sun1991	kjei³³	Sun1991	kjik⁵⁵	Sun1991	kji³¹	Sun1991
	222b	170	krāḥ			hear	kʐua³¹	Sun1991	kʐɔ³¹	Sun1991	kjo²¹	Sun1991	kjɔ:³³	Sun1991	kjɔ³⁵	Sun1991	kja³¹	Sun1991
		171	krañ			clear (water)	kʐəŋ³¹	Sun1991	kɯŋ³¹	Sun1991	kjiŋ²¹	Sun1991	kjə:ŋ³³	Sun1991	kjaŋ³⁵	Sun1991	kjaŋ³¹	Sun1991
58	212a	172	mīḥ			fire	ni³¹-	Sun1991	n̥i³¹-	Sun1991	mji²¹	Sun1991	mji³³	Sun1991	mji³⁵	Sun1991	mi³¹	Sun1991
89		173		mī-ma		woman	ñi³¹	Sun1991	ni⁵⁵-	Sun1991	mji²¹	Sun1991	mji³³	Sun1991	mji³⁵	Sun1991	mi³¹	Sun1991
		174	meḥ			ask	ñi³¹	Sun1991	ni³¹	Sun1991	mji²¹	Sun1991	mje:i³³	Sun1991	mjik⁵⁵	Sun1991	məi³¹	Sun1991
	001a	175	muiwḥ			sky	mau³¹	Sun1991	mau³¹	Sun1991	mau²¹-	Sun1991	mou³³-	Sun1991	muk⁵⁵	Sun1991	mau³¹-	Sun1991
		176	-maṅḥ			be old	muaŋ³¹	Sun1991	mɔŋ³¹	Sun1991	mjaŋ²¹	Sun1991	maŋ³³	Sun1991	mɔ̃³⁵	Sun1991	mɔ̃³¹	Sun1991
		177	moṅḥ		-ḥ|-ɂ	gong	mɔŋ⁵⁵	Sun1991	mɔŋ⁵⁵	Sun1991			maŋ⁵⁵	Sun1991	mɔ̃³⁵	Sun1991	mɔ̃³⁵	Sun1991
	334a	178	myāḥ			many	ñɔ³¹	Sun1991	ɲɔ³¹	Sun1991	mjo²¹	Sun1991	mjɔ:³³	Sun1991	mjɔ³⁵	Sun1991	mja³¹	Sun1991
		179	myuiḥ			seed	-ñau³¹	Sun1991	-ɲau³¹	Sun1991	-mji²¹	Sun1991	-mjou³³	Sun1991	mjuk⁵⁵	Sun1991	-mjuŋ³¹	Sun1991
59	090b	180	mrīḥ			tail					-mji²¹	Sun1991	-mji³³	Sun1991	-mji³¹	Sun1991	-mi³¹	Sun1991
		181		mliyḥ		grandchild	mi³¹-	Sun1991	mi³¹-	Sun1991	-mji²¹	Sun1991	mei³³-	Sun1991	mjik³¹	Sun1991	məi³¹-	Sun1991
		182	mraṅḥ			horse	mʐaŋ³¹	Sun1991	m̥ʐaŋ³¹	Sun1991	mjaŋ²¹	Sun1991	mjaŋ³³	Sun1991	mjɔ̃³⁵	Sun1991	mjɔ̃³¹	Sun1991
		183	nāḥ			to rest	nɔ³¹	Sun1991	nɔ³¹	Sun1991	no²¹	Sun1991	nɔ:³³	Sun1991	nɔ³⁵	Sun1991	na³¹	Sun1991
		184	naṅḥ			step on, tread	nuaŋ³¹	Sun1991			naŋ²¹	Sun1991	na:ŋ³³	Sun1991	nɔ̃³⁵	Sun1991	nɔ̃³¹	Sun1991
	086a	185	nwāḥ			cow, cattle	n̥o³¹	Sun1991	no³¹	Sun1991	no²¹	Sun1991	no³³	Sun1991	nuŋ³⁵	Sun1991	nɔ³¹	Sun1991
		186		klway		buffalo			-lui³¹	Sun1991	-lui²¹	Sun1991	-lə³³	Sun1991	-lɔi³⁵	Sun1991	-lui³¹	Sun1991
		187	yaṅḥ		Ny-	he (3sg. nom.)	ñ̥aŋ³¹	Sun1991	ɲ̊aŋ³¹	Sun1991	jạŋ²¹	Sun1991	ŋjaŋ³³	Sun1991	jɔ̃³⁵	Sun1991	jɔ̃³¹	Sun1991
	326a	188	ṅāḥ			five	ŋɔ³¹	Sun1991	ŋɔ³¹	Sun1991	ŋɔ²¹	Sun1991	ŋ³³	Sun1991	ŋɔ⁵⁵	Sun1991	ŋa³¹	Sun1991
78	159b	189	ruiḥ			bone	-ʐau³¹	Sun1991	-ʐau³¹	Sun1991	-vui²¹	Sun1991	-jou³³	Sun1991	-ɣuk⁵⁵	Sun1991	-u³¹	Sun1991
		190				(tissue)swell	ʐam³¹	Sun1991	ʐam³¹	Sun1991	vam²¹	Sun1991	ja:m³³	Sun1991	vɛ̃⁵⁵	Sun1991	vɛ̃³⁵	Sun1991
		191				male(animal)	-lɔ³¹	Sun1991	-lɔ³¹	Sun1991	-lo²¹	Sun1991	-lo³³	Sun1991	-lo³⁵	Sun1991	-la³¹	Sun1991
	386a	192	leḥ			heavy	li³¹	Sun1991	lai³¹	Sun1991	lai²¹	Sun1991	la:i³³	Sun1991	la³⁵	Sun1991	li³¹	Sun1991
39	218a	193	leḥ			bow			l̥ai³⁵	Sun1991	lai²¹	Sun1991	la:i³³	Sun1991	la³⁵	Sun1991	li³¹	Sun1991
		194				roll	liŋ³¹	Sun1991	liŋ³¹	Sun1991	ləŋ²¹	Sun1991	lə:ŋ³³	Sun1991	laŋ⁵⁵-	Sun1991	-laŋ³⁵	Sun1991
54	353a	195	lumḥ			spherical	-lum³¹	Sun1991	-lum³¹	Sun1991	-lụm²¹	Sun1991	-lɔm³³	Sun1991	-lam³⁵	Sun1991	-lam³¹	Sun1991
95	266a	196	yāḥ			to itch	jɔ³¹	Sun1991	jɔ³¹	Sun1991	jo²¹	Sun1991	jɔ:³³	Sun1991	jo³¹	Sun1991	ja³¹	Sun1991
		197				pot, jar, tin	jam³¹	Sun1991	jam³¹	Sun1991	jam²¹	Sun1991	jam³³	Sun1991	jɛ̃³⁵	Sun1991	jɛ̃³¹	Sun1991
35	048a	198	wāḥ			bamboo	o³¹	Sun1991	o³¹	Sun1991	va²¹	Sun1991	wo³³	Sun1991	vɔ³⁵	Sun1991	va³¹	Sun1991
	358a	199	weḥ			far	ve³¹	Sun1991	vɛ³¹	Sun1991	ve²¹	Sun1991	vɛ:³³	Sun1991	va³⁵	Sun1991	vɛ³¹	Sun1991
	139a	200	wamḥ			abdomen	ɔm³¹-	Sun1991	om³¹	Sun1991	vam²¹	Sun1991	wɔm³³-	Sun1991	vě³⁵-	Sun1991	vɛ³¹-	Sun1991
		201	phwaṅɂ			open; to lift (lid)	phɔŋ³⁵	Sun1991	phoŋ³⁵	Sun1991	phoŋ⁵⁵	Sun1991	pha:ŋ⁵³	Sun1991	phuŋ⁵⁵	Sun1991	phuŋ³⁵	Sun1991
		202	phraṅɂ			fill up			phɯŋ³⁵	Sun1991							pjạŋ³⁵	Sun1991
		203	tha			rise, stand up	thɔ³⁵	Sun1991	thɔɂ³⁵	Sun1991	tọɂ⁵⁵	Sun1991	tɔ̣:⁵³	Sun1991	tɔ̣⁵⁵	Sun1991	tạɂ³⁵	Sun1991
		204	-tuiɂ			we	-tuɂ³⁵	Sun1991	-tu³⁵	Sun1991								
		205	chuiɂ			block up, plug			tshi³⁵	Sun1991			tsha:u⁵³	Sun1991			tshau³⁵	Sun1991
		206				follow	tʂhaŋ³⁵	Sun1991	tʂhaŋ³⁵	Sun1991	tʃhaŋ⁵⁵	Sun1991	tʃha:ŋ⁵³	Sun1991	tʃhɔ̃⁵⁵	Sun1991	tʃhɔ̃³⁵	Sun1991
		207		khin	-ɂ	weigh (food)					tʃhin⁵⁵	Xu1984			tʃhəŋ⁵⁵	Sun1991	tʃhɔn³⁵	Sun1991
		208	-mi		ɂm-	mother; woman							-mjị⁵³	Sun1991	-mjị⁵⁵	Sun1991	mị³⁵	Sun1991
		209	meɂ			forget	ñi³⁵	Sun1991	niɂ⁵⁵ni³⁵	Sun1991	mji⁵⁵	Sun1991	mjẹ:i⁵³	Sun1991	mjịk⁵⁵	Sun1991	mə̣i³⁵	Sun1991
		210	mhā		ɂmaɂ	teach; learn	m̥ɔɂ³⁵	Sun1991			mọɂ⁵⁵-	Sun1991	mɔ̣ɂ⁵³	Sun1991	mɔ̣ɂ⁵⁵	Sun1991	mạ³⁵	Sun1991
34		211	mhaññɂ			ripe	ŋ̊eŋ³⁵	Sun1991			mjiŋ⁵⁵	Sun1991	mjə̣:ŋ⁵³	Sun1991	mạŋ⁵⁵	Sun1991	mạŋ³⁵	Sun1991
		212	-mhū		m-	matter, affair	-mu³⁵	Sun1991	-mu³⁵	Sun1991	-mu⁵¹	Sun1991	-mo⁵⁵	Sun1991	-mu⁵⁵	Sun1991	-mu³⁵	Sun1991
		213				greasy, oily			ɲaŋ³⁵	Sun1991	ŋjŋ⁵⁵	Sun1991	ŋə:ŋ⁵⁵	Sun1991	ŋạŋ⁵⁵	Sun1991	ŋaŋ³⁵	Sun1991
		214	ṅuṃɂ		ɂṅ	lower (head)	ŋop³⁵	Sun1991	ŋum³⁵	Sun1991	ŋom⁵⁵	Sun1991	ŋu:n⁵⁵	Sun1991	ŋạn⁵⁵	Sun1991	ŋɔ̣n³⁵	Sun1991
		215	rheɂ			in front of	-siɂ³¹	Sun1991	-sai³⁵	Sun1991	xi⁵⁵	Sun1991	ʃə̣k⁵³	Sun1991	xak⁵⁵	Sun1991	xəi³⁵	Sun1991
4	003a	216	la		ɂl-	moon	-lɔ³¹	Sun1991	-l̥ɔ³¹	Sun1991	lọ⁵⁵-	Sun1991	lạ⁵³-	Sun1991	lɔ̣⁵⁵	Sun1991	lɛ̃³⁵-	Sun1991
		217	paiɂ			chip(rim)			pɛ³⁵	Sun1991							pai³⁵	Sun1991
		218	praññɂ-			be full/filled up	pʐəŋ³⁵	Sun1991	pɤŋ³⁵	Sun1991	pjiŋ⁵⁵	Sun1991	pjə:ŋ⁵⁵	Sun1991	pjaŋ⁵⁵	Sun1991	pjaŋ³⁵	Sun1991
		219	coṅɂ			to guard, defend	tɕɔŋ³⁵	Sun1991	coŋ³⁵	Sun1991	tsuŋ⁵⁵	Sun1991	tsu:ŋ⁵⁵	Sun1991	tsauŋ⁵⁵	Sun1991		
	046b	220	-ceɂ			pit, stone	-tsiɂ³¹	Sun1991	-tsi³¹	Sun1991	-tʃi⁵⁵	Sun1991	-tʃei⁵⁵	Sun1991	tʃik⁵⁵	Sun1991	-tʃï³⁵	Sun1991
		221	ka			to dance; jump	kɔ³⁵	Sun1991	kɔ³⁵	Sun1991	ko⁵⁵	Sun1991	kɔ:⁵⁵	Sun1991	kɔ⁵⁵	Sun1991	ka³⁵	Sun1991
8a	283a	222	kya			drop; fall down	kʐua³⁵	Sun1991	kʐɔ³⁵	Sun1991	kjo⁵⁵	Sun1991	kjɔ:⁵⁵	Sun1991	kjɔ⁵⁵	Sun1991	kja³⁵	Sun1991
		223	-khyaṅ			bolt (door)					kjaŋ⁵⁵	Sun1991	kja:ŋ⁵³	Sun1991	kjɔ̣⁵⁵	Sun1991		
		224	ɂu			lay egg	u³⁵	Sun1991	u³⁵	Sun1991								
	252a	225	si			know; recognize	sa³⁵	Sun1991	sa³⁵	Sun1991	se⁵⁵	Sun1991	sɛ̣:⁵³	Sun1991	sɛ⁵⁵	Sun1991	sɛ³⁵	Sun1991
		226	sweɂ			be dry	səɂ³⁵	Sun1991			xui⁵⁵	Sun1991	xə:⁵³	Sun1991	fai⁵⁵	Sun1991	fe³⁵	Sun1991
		227	ha			open (the mouth)	xɔ³⁵	Sun1991	xɔ³⁵	Sun1991	xa⁵⁵	Sun1991	xɔ:⁵³	Sun1991	xɔ⁵⁵ 	Dai1991	xa³⁵	Sun1991
		228	nu			tender, young					nu⁵⁵	Sun1991	nu:⁵⁵	Sun1991	nau⁵⁵	Sun1991	nɔ³⁵	Sun1991
40	013a	229	neɂ			sun/day	niɂ³¹	Sun1991	nai³⁵-	Sun1991	ŋji⁵⁵-	Sun1991	ŋjei⁵⁵-	Sun1991	na⁵⁵	Sun1991	ŋji³⁵-	Sun1991
	087a	230	nuiɂ			milk, breast	nau³⁵-	Sun1991			nau⁵⁵	Sun1991	nou⁵⁵	Sun1991	nuk⁵⁵	Sun1991	nau³⁵	Sun1991
		231				shiver	nan³⁵	Sun1991			nan⁵⁵	Sun1991	na:n⁵⁵	Sun1991	nəŋ⁵⁵	Sun1991	nɛ̃³⁵	Sun1991
		232				shake; rock			nun³⁵	Sun1991	nun⁵⁵-	Sun1991	nu:n⁵⁵	Sun1991	nan⁵⁵	Sun1991	nɔ̣̣n³⁵	Sun1991
		233	ra			get, gain	ʐua³⁵	Sun1991	ʐɔ³⁵	Sun1991	vo⁵⁵	Sun1991	jɔ⁵⁵	Sun1991	ɣɔ⁵⁵	Sun1991	ɣa³⁵	Sun1991
		234	rhu		r-	to watch			ʐu³⁵	Sun1991	vu⁵⁵	Sun1991	jo:⁵⁵	Sun1991	vu⁵⁵	Sun1991	u³⁵	Sun1991
		235	lu			rob, loot	lu³⁵	Sun1991	lu³⁵	Sun1991	lu⁵⁵	Sun1991						
	276a	236	lāḥ		-ɂ	go; return	lɔ⁵⁵	Sun1991	lɔ³⁵	Sun1991	lo⁵⁵	Sun1991	lɔ⁵⁵	Sun1991	lɔ⁵⁵	Sun1991	la³⁵	Sun1991
		237	laṅɂ			wait	luaŋ³⁵	Sun1991	lɔŋ³⁵	Sun1991	laŋ⁵⁵	Sun1991	la:ŋ⁵⁵-	Sun1991	lɔ̃⁵⁵	Sun1991	lɔ̃³⁵-	Sun1991
		238	-pha		p-	male (cock)			-phɔ³¹	Sun1991	-pho⁵⁵	Sun1991	-pho⁵⁵	Sun1991	-phɔ⁵⁵	Sun1991	-pha³⁵	Sun1991
		239				be cloudy	tʂau³⁵	Sun1991	tau³¹	Sun1991	tsau⁵⁵	Sun1991	tsa:u⁵⁵	Sun1991				
		240	kweɂ			bend; turn			xoi³⁵	Sun1991	kọi⁵⁵	Sun1991	kɔi⁵⁵	Sun1991	kɔ̣̣⁵⁵	Sun1991	kụi³⁵	Sun1991
		241	-cuṃ			pair	tɕɔm³⁵	Sun1991	cum³¹	Sun1991	tsum⁵⁵	Sun1991	tsɔm⁵⁵	Sun1991	tsam⁵⁵	Sun1991	tsam³⁵	Sun1991
	098a	242	ɂu			egg	uɂ³⁵	Sun1991	u³¹	Sun1991	-u⁵⁵	Sun1991	ụ⁵³	Sun1991	ạu⁵⁵	Sun1991	ụ⁵⁵	Sun1991
		243	-ma			female suffix	-mɔɂ³⁵	Sun1991	-mɔ³¹	Sun1991	-mo⁵⁵	Sun1991	-mo⁵⁵	Sun1991	mɔ⁵⁵	Sun1991	maɂ³¹	Dai1991
		244	-mhya		my-	approximately	ñeɂ³⁵	Sun1991	n̥ɛ³¹	Sun1991	-mjọ⁵⁵	Xu1984	-mjo⁵⁵	Sun1991	mɔ̣̣⁵⁵	Sun1991		
		245	ñhi			burn grass	ŋ̊eɂ⁵⁵	Sun1991	n̥ɛ³⁵	Sun1991	ŋjẹ⁵⁵	Sun1991	ŋɛ̣̣⁵⁵	Sun1991	ŋạ⁵⁵	Sun1991	ŋjɛ³⁵	Sun1991
		247				pen in (sheep)	l̥ɔŋ³⁵	Sun1991	l̥uŋ³¹	Sun1991	lụŋ⁵⁵	Sun1991					ạuŋ³⁵	Sun1991
		248				turn inside out	phuɂ⁵⁵	Sun1991	phuɂ⁵⁵	Sun1991	phuɂ⁵⁵-	Sun1991	phuk⁵⁵-	Sun1991	phauk⁵⁵	Sun1991	phauɂ⁵⁵	Sun1991
		249	phak-			leaf									phɔɂ⁵⁵	Sun1991		
		250	phyak			pull down; unseam	tʂhuaɂ⁵⁵	Sun1991	tʂhɔɂ⁵⁵	Sun1991	phjoɂ⁵⁵	Sun1991	phjɔ:ɂ⁵⁵	Sun1991	phjoɂ⁵⁵	Sun1991	phjaɂ⁵⁵	Sun1991
		251	pyok			lose; mislay	tʂɔɂ⁵⁵	Sun1991	tʂuɂ⁵⁵	Sun1991	phjuɂ⁵⁵-	Sun1991			-phjauk⁵⁵	Sun1991	-phauɂ⁵⁵	Sun1991
		252	phrat		pry-	snap (thread)	phʐat³⁵	Sun1991	phɛt⁵⁵	Sun1991	phit⁵⁵	Sun1991			phjik⁵⁵	Sun1991	phjɔt⁵⁵	Sun1991
		253	thut			take out; pull out	thut⁵⁵-	Sun1991	thut⁵⁵	Sun1991	-thoɂ⁵⁵	Sun1991			-thuk⁵⁵	Sun1991	-thɔɂ⁵⁵	Sun1991
	384a	254	thak			sharp	thɔɂ⁵⁵	Sun1991			thoɂ⁵⁵	Sun1991	thɔ:ɂ⁵⁵	Sun1991	thɔɂ⁵⁵	Sun1991	thaɂ⁵⁵	Sun1991
		255	thok			lean on; support			thuɂ⁵⁵	Sun1991	thuɂ⁵⁵	Sun1991	thu:k⁵⁵	Sun1991	thauk⁵⁵	Sun1991	thauɂ⁵⁵	Sun1991
		256	thwak			come out	thoɂ⁵⁵-	Sun1991	thoɂ⁵⁵	Sun1991	thoɂ⁵⁵	Sun1991	thuɂ⁵⁵	Sun1991	thuk⁵⁵	Sun1991	thɔɂ⁵⁵	Sun1991
		257	chap			repay	tɕhap⁵⁵	Sun1991			tshap⁵⁵	Sun1991	tsha:p⁵⁵	Sun1991	tshɛɂ⁵⁵	Sun1991		
	075a	258	chat			deer	tɕhet⁵⁵	Sun1991	thɛt⁵⁵	Sun1991	tshat⁵⁵	Sun1991	tshat⁵⁵	Sun1991	tshɛt⁵⁵	Sun1991	tʃhɛt³¹	Sun1991
		259	chak			connect, join					tshoɂ⁵⁵	Sun1991	tshɔ:ɂ⁵⁵	Sun1991	tshɔɂ⁵⁵	Sun1991	tshaɂ³¹	Sun1991
		260	chut			tear up, rip	tsheɂ⁵⁵	Sun1991	tshiɂ⁵⁵	Sun1991	tʃheɂ⁵⁵	Sun1991	tʃhɛ:ɂ⁵⁵	Sun1991	tʃhat⁵⁵	Sun1991	tʃhak⁵⁵	Sun1991
		261	chok			chisel							tʃhɔɂ⁵⁵-	Sun1991	tʃhɔɂ⁵⁵-	Sun1991	tʃhaɂ⁵⁵	Sun1991
		262	-kup			pigsty, cowshed					-khup⁵⁵	Sun1991	-khɔm³³	Sun1991	-khap⁵⁵	Sun1991	-khap⁵⁵	Sun1991
	140a	263	khyak			navel			tɕhɔɂ⁵⁵	Sun1991	tʃhoɂ⁵⁵	Sun1991	tʃhɔɂ⁵⁵	Sun1991	tʃhɔɂ⁵⁵	Sun1991	tʃhaɂ⁵⁵	Sun1991
		264		khyut		dusk, twilight	-tɕhot³⁵	Sun1991	-chot⁵⁵	Sun1991			tʃhɔɂ⁵⁵-	Sun1991	tʃhaɂ⁵⁵-	Sun1991		
		265		khlyap		round object (clf.)					khjap⁵⁵	Sun1991	khjap⁵⁵	Sun1991	khjɛɂ⁵⁵	Sun1991	khjɛɂ⁵⁵	Sun1991
	200a	266		khlup		sew	xʐoɂ⁵⁵	Sun1991	chup⁵⁵	Sun1991	khjup⁵⁵	Sun1991	khju:p⁵⁵	Sun1991	khjap⁵⁵	Sun1991	khjap⁵⁵	Sun1991
	327a	267	khrok			six	xʐoɂ⁵⁵	Sun1991	chuɂ⁵⁵	Sun1991	khjuɂ⁵⁵	Sun1991	khjuk⁵⁵	Sun1991	khjauk⁵⁵	Sun1991	khjauɂ⁵⁵	Sun1991
		268	khwak			bowl	-xoɂ⁵⁵	Sun1991	xoɂ⁵⁵	Sun1991	khoɂ⁵⁵	Sun1991	khuɂ⁵⁵	Sun1991	khuk⁵⁵	Sun1991	khɔɂ⁵⁵	Sun1991
		269		khlwat		take off	kʐek⁵⁵	Sun1991	khɯk⁵⁵	Sun1991	khjut⁵⁵	Sun1991	khju:t⁵⁵	Sun1991	khjɛt⁵⁵	Sun1991	khjɔt⁵⁵	Sun1991
	290b	270	sut			wipe; erase	sut⁵⁵	Sun1991	sut⁵⁵	Sun1991	sut⁵⁵	Sun1991	su:t⁵⁵	Sun1991			sɔt⁵⁵	Sun1991
		271	-sak			air; breath; steam	-sɔɂ⁵⁵	Sun1991	sɔɂ⁵⁵	Sun1991	soɂ⁵⁵	Sun1991	sɔɂ⁵⁵	Sun1991	soɂ⁵⁵	Sun1991	saɂ⁵⁵	Sun1991
	232a	272	sok			to drink	ʂɔɂ⁵⁵	Sun1991	ʂuɂ⁵⁵	Sun1991	ʃuɂ⁵⁵	Sun1991	ʃu:k⁵⁵	Sun1991	ʃauk⁵⁵	Sun1991	ʃauɂ⁵⁵	Sun1991
		273	tap			to stick down			tap⁵⁵	Sun1991	tap²¹	Sun1991	tạ:p⁵⁵	Sun1991	-tɛ̣̣ɂ⁵⁵	Sun1991	tɛɂ³¹	Sun1991
		274				to paste, stick	thap⁵⁵	Sun1991	thap⁵⁵	Sun1991	tap⁵⁵	Sun1991	tạ:p⁵⁵	Sun1991	tɛ̣̣ɂ⁵⁵	Sun1991	tɛ̣̣ɂ⁵⁵	Sun1991
	142a	275	chut			lungs	-tɕhot⁵⁵	Sun1991	-chut⁵⁵	Sun1991	tsụt⁵⁵	Sun1991	tsɔ̣t⁵⁵	Sun1991	tsạt⁵⁵	Sun1991	tsɔ̣t⁵⁵	Sun1991
		276	cwap			ring			-tʂɔp⁵⁵	Sun1991	-tʃọ̣p⁵⁵	Sun1991	-tʃɔ̣̣ɂ⁵⁵	Sun1991	-tʃɔɂ⁵⁵	Sun1991		
		277	cwat			wet			coɂ⁵⁵	Sun1991			tʃụ:ɂ⁵⁵	Sun1991	tʃụk⁵⁵	Sun1991	tʃɔ̣ɂ⁵⁵	Sun1991
		278				do, make	xot⁵⁵	Sun1991	xut⁵⁵	Sun1991	kụt⁵⁵	Sun1991	kụ:t⁵⁵	Sun1991	kạt⁵⁵	Sun1991		
		279	khat			put in (to); pack	xat⁵⁵	Sun1991	xat⁵⁵	Sun1991	kạt⁵⁵	Sun1991	kạ:t⁵⁵	Sun1991	kɛ̣̣ɂ⁵⁵	Sun1991	kɛ̣̣ɂ⁵⁵	Sun1991
		280	-khak			branch, twig			-xɔɂ⁵⁵	Sun1991			-kɔ̣ɂ⁵⁵	Sun1991	-kɔ̣ɂ⁵⁵	Sun1991	-kạ̣̣ɂ⁵⁵	Sun1991
		281	-kyap			narrow					tʃạp⁵⁵	Sun1991	tʃạp⁵⁵	Sun1991	tʃɛ̣̣ɂ⁵⁵	Sun1991	tʃɛ̣̣ɂ⁵⁵	Sun1991
	255a	282		khyat		to love					tʃịt⁵⁵-	Sun1991						
		283				slippery; smooth	tʂuat⁵⁵	Sun1991	chɔt³⁵	Sun1991	tʃụt⁵⁵	Sun1991	tʃụ:t⁵⁵	Sun1991	tʃạt⁵⁵	Sun1991	tʃɔ̣t⁵⁵	Sun1991
		284	khyak			cook, boil					tʃọ̣ɂ⁵⁵	Sun1991	tʃạ:u⁵³	Sun1991	tʃɔ̣̣ɂ⁵⁵	Sun1991	tʃaɂ⁵⁵	Sun1991
		285	khyap			scales					-kjạp⁵⁵	Sun1991			-kjɛ̣̣ɂ⁵⁵	Sun1991	-kjɛ̣̣ɂ⁵⁵	Sun1991
		286	khrok			frighten, scare	xʐoɂ⁵⁵	Sun1991			kjụɂ⁵⁵	Sun1991	kjụ:k⁵⁵	Sun1991	kjạuk⁵⁵	Sun1991	kjạuɂ⁵⁵	Sun1991
	261a	287	ɂip			sleep	e³¹|it⁵⁵	Sun1991	it⁵⁵	Sun1991	jụp⁵⁵	Sun1991	jụ:p⁵⁵	Sun1991	jap³¹	Sun1991	jạp⁵⁵	Sun1991
		288				bird's nest	-sut⁵⁵	Sun1991	-sut⁵⁵	Sun1991	-sut⁵⁵	Sun1991	-sɔ̣̣t⁵⁵	Sun1991	-sat⁵⁵	Sun1991	-sɔt⁵⁵	Sun1991
84	038a	289	sac			tree	saŋ³¹-	Sun1991	ʂɯk⁵⁵	Sun1991	sik⁵⁵	Sun1991	sə:k⁵⁵	Sun1991	sạk⁵⁵	Sun1991	sak⁵⁵	Sun1991
26	315a	290	sat			kill	sat⁵⁵	Sun1991	sat⁵⁵	Sun1991	sat⁵⁵ 	Xu1984	sạ:t⁵⁵	Sun1991	sɛ̣̣ɂ⁵⁵	Sun1991	sɛ̣̣ɂ⁵⁵	Sun1991
	368b	291	sac			new	ʂək⁵⁵	Sun1991	ʂɯk⁵⁵	Sun1991	a²¹sik⁵⁵	Sun1991	sə̣:k⁵⁵	Sun1991	sạk⁵⁵	Sun1991	sak⁵⁵	Sun1991
27	239a	292	sak			breath, life	-sak⁵⁵	Sun1991	-sak⁵⁵	Sun1991			-sạk⁵⁵	Sun1991				
		293		mhlup		bury	m̥ʐop⁵⁵	Sun1991	m̥ʐɔp⁵⁵	Sun1991	mjụp⁵⁵	Sun1991	ŋjụ:p⁵⁵	Sun1991	ŋjạp⁵⁵	Sun1991	ŋjạp⁵⁵	Sun1991
97		294	nhap			snot	n̥ap⁵⁵	Sun1991	n̥ap⁵⁵	Sun1991	nạp⁵⁵	Sun1991	nạp⁵⁵	Sun1991	nɛ̣̣ɂ⁵⁵	Sun1991	nẹɂ⁵⁵	Sun1991
	130a	295	nhut			mouth	ñ̥ot⁵⁵	Sun1991	n̥ut⁵⁵	Sun1991	nụt⁵⁵	Sun1991	nuạt⁵⁵	Sun1991	nạt⁵⁵	Sun1991	nɔ̣t⁵⁵	Sun1991
	141a	296	nhac			heart	ña⁵⁵-	Sun1991	n̥ɔɂ³¹-	Sun1991	nịk-⁵⁵	Sun1991	nə̣k⁵⁵-	Sun1991	nạk⁵⁵-	Sun1991	nạk⁵⁵-	Sun1991
	328a	297	nhac			seven	ñit⁵⁵	Sun1991	nit⁵⁵	Sun1991	ŋjit⁵⁵	Sun1991	ŋjɛ̣̣t⁵⁵	Sun1991	nạt⁵⁵	Sun1991	nɔ̣t⁵⁵	Sun1991
		298	hut		ɂŋ-	be					ŋụt⁵⁵	Sun1991	ŋụ:t⁵⁵	Sun1991	ŋat³¹	Sun1991	?ŋɔt⁵⁵	Sun1991
	093a	299	ṅhak			bird	m̥ɔɂ⁵⁵	Sun1991	ŋ̊ɔɂ⁵⁵	Sun1991	ŋọ̣ɂ⁵⁵	Sun1991	ŋọ̣ɂ⁵⁵	Sun1991	ŋọ̣ɂ⁵⁵	Sun1991	ŋạɂ⁵⁵	Sun1991
	329a	300	rhac	rhyat		eight	ɕet⁵⁵	Sun1991	çɛt⁵⁵	Sun1991	ʃit⁵⁵	Sun1991	ʃɛ̣̣t⁵⁵	Sun1991	ʃɛɂ⁵⁵	Sun1991	ʃɛɂ⁵⁵	Sun1991
30		301	rhak			be bashful, shy	sɔɂ⁵⁵	Sun1991	sɔɂ⁵⁵	Sun1991	xoɂ⁵⁵	Sun1991	ʃɔ̣:ɂ⁵⁵	Sun1991	xɔɂ⁵⁵	Sun1991	xaɂ⁵⁵	Sun1991
		302	-rwak		ɂrw-	leaf	-xʐoɂ⁵⁵	Sun1991	-xʐoɂ⁵⁵	Sun1991	-xaɂ⁵⁵	Sun1991	-fụɂ⁵⁵	Sun1991	fɔɂ⁵⁵	Sun1991	-faɂ⁵⁵	Sun1991
		303				sunbathe			l̥ap⁵⁵	Sun1991	lạp⁵⁵	Sun1991	lạ:p⁵⁵	Sun1991	lɛɂ⁵⁵	Sun1991		
		304	lhyap-			flash			l̥ɛp⁵⁵	Sun1991	lạp⁵⁵-	Sun1991	lạp⁵⁵-	Sun1991	lẹɂ⁵⁵-	Sun1991	lɛ̣̣p⁵⁵-	Sun1991
		305				to dry in the air	l̥ap⁵⁵	Sun1991	l̥ap⁵⁵	Sun1991	la̱p⁵⁵	Sun1991	la̱ːp⁵⁵	Sun1991	lɛ̱ʔ⁵⁵	Sun1991	lɛ̱ʔ⁵⁵	Sun1991
		306	wap			hatch	xup⁵⁵	Sun1991	xup⁵⁵	Sun1991	xup⁵⁵	Sun1991	wụ:p⁵⁵	Sun1991	ap⁵⁵	Sun1991	ạp⁵⁵	Sun1991
	378a	307	pup			rot					pup²¹-	Sun1991	pu:p⁵⁵	Sun1991	pap³¹	Sun1991	pap³¹	Sun1991
		308				beat, strike, hit	pat⁵⁵ 	Xu1984 or Dai1985 Nishi confusingly cites as X/C	pat⁵⁵	Sun1991	pat²¹	Sun1991	pa:t³¹	Sun1991	pɛɂ³¹	Sun1991	pɛɂ³¹	Sun1991
	313a	309	pac			shoot	pək⁵⁵	Sun1991	pɤk⁵⁵	Sun1991	pik²¹	Sun1991	pə:k³¹	Sun1991	pak³¹	Sun1991	pak³¹	Sun1991
		310	prat		bry-	(thread) snap	pʐat⁵⁵	Sun1991	pɛt⁵⁵	Sun1991	pit²¹	Sun1991	pji:t³¹	Sun1991	pjik³¹	Sun1991	pjɔt³¹	Sun1991
		311	-pyak			collapse, damage					pjoɂ²¹	Sun1991	pjɔ:ɂ³¹	Sun1991			pjaɂ³¹	Sun1991
		312	pyok			disappear, vanish	tʂoɂ⁵⁵	Sun1991			pjuɂ²¹	Sun1991	pju:k³¹	Sun1991	pjauk³¹	Sun1991	pjauɂ³¹	Sun1991
		313				be accomplished	tut⁵⁵	Sun1991	tut³¹	Sun1991	tut²¹	Sun1991	tu:t³¹	Sun1991	tø³¹	Sun1991	tø³¹	Sun1991
		314	tat			know (how to)	tat⁵⁵	Sun1991	tat⁵⁵	Sun1991	tat²¹	Sun1991	ta:t³¹	Sun1991				
		315	tak			go up, climb	tɔɂ⁵⁵	Sun1991	tɔɂ⁵⁵	Sun1991	toɂ²¹	Sun1991	tɔ:ɂ³¹	Sun1991	tɔɂ³¹	Sun1991	taɂ³¹	Sun1991
		316	chut		ts-	back up; retreat					tsut²¹	Sun1991			tsat³¹	Sun1991	tsɔt³¹	Sun1991
		317	cak			drop (oil)	tɕɔk⁵⁵	Sun1991	cak⁵⁵	Sun1991			tsɔɂ³¹	Sun1991				
		318				be blind, deaf	tset⁵⁵	Sun1991	tsɛt⁵⁵	Sun1991	tʃit²¹	Sun1991	tʃi:t³¹	Sun1991	tʃik³¹	Sun1991	tʃɔt³¹	Sun1991
		319	cok			female genitals	tɕuɂ³¹-	Sun1991	cuɂ⁵⁵	Sun1991	tʃoɂ²¹	Sun1991	tʃuɂ³¹	Sun1991	tʃauk³¹	Sun1991	tʃauɂ³¹	Sun1991
		320	kok			pick up	kuɂ⁵⁵	Sun1991	kuɂ⁵⁵	Sun1991					kauk³¹	Sun1991	kauɂ³¹	Sun1991
		321	kok			paddy rice			kuɂ⁵⁵	Sun1991	-kuɂ²¹	Sun1991	kuk³¹	Sun1991	-kuɂ³¹	Sun1991	-kauɂ³¹	Sun1991
		322				break, smash					koɂ²¹	Sun1991						
		323	kyak			be cooked	tʂuaɂ⁵⁵	Sun1991	tʂoɂ⁵⁵	Sun1991	ŋjoɂ²¹	Sun1991	ŋjɔ:ɂ³¹	Sun1991	ŋjɔɂ³¹	Sun1991	ŋjaɂ³¹	Sun1991
		324		klyap		ten cents; kyat	tɕɔɂ³¹	Sun1991			kjoɂ⁵⁵	Sun1991	kjɔ³¹	Sun1991	kjɔɂ³¹	Sun1991	kjɔɂ³¹	Sun1991
		325				to bark	kʐap⁵⁵	Sun1991	kʐap⁵⁵	Sun1991	vap²¹	Sun1991			ɣɛɂ³¹	Sun1991	?ɣɛɂ³¹	Sun1991
		326				be broken	kʐop⁵⁵	Sun1991	kʐop⁵⁵	Sun1991			kju:p³¹	Sun1991	kjøɂ³¹	Sun1991	kjøɂ³¹	Sun1991
		327				cold (weather)	kʐuat⁵⁵	Sun1991	kʐot⁵⁵	Sun1991	kjoɂ²¹	Sun1991			kjɔɂ³¹	Sun1991	kjaɂ³¹	Sun1991
	259a	328	krok			be afraid	ʐoɂ⁵⁵	Sun1991			kjuɂ²¹	Sun1991	kju:k³¹	Sun1991	kjauk³¹	Sun1991	kjauɂ³¹	Sun1991
		329	krwak			mouse	kʐoɂ⁵⁵	Sun1991	kʐoɂ⁵⁵	Sun1991					ɣuk³¹-	Sun1991	ɣɔɂ³¹-	Sun1991
		330		klwat		dislocate (joint)					kjut²¹	Sun1991			kjɛt³¹	Sun1991		
		331	ɂap			deposit					ap²¹-	Sun1991						
	229b	332	mwat			hungry			mut⁵⁵	Sun1991	mut²¹	Sun1991	?mu:t⁵⁵	Sun1991	møɂ³¹	Sun1991	-møɂ⁵⁵	Sun1991
83	263a	333	mak			dream vi	-mɔɂ⁵⁵	Sun1991	-mɔɂ⁵⁵	Sun1991	-moɂ²¹	Sun1991	-mɔɂ³¹	Sun1991	-maɂ⁵⁵	Sun1991	-maɂ⁵⁵	Sun1991
71	125a	335	myak			eye	ñɔɂ⁵⁵-	Sun1991	ɲɔɂ⁵⁵	Sun1991	mjoɂ²¹-	Sun1991	mjɔɂ³¹	Sun1991	mjɔɂ³¹-	Sun1991	mjaɂ³¹-	Sun1991
	076b	336	myok			monkey	ñuɂ⁵⁵	Sun1991	ɲuɂ⁵⁵	Sun1991	mjuɂ²¹	Sun1991	mjuk³¹	Sun1991	mjauk³¹	Sun1991	mjauɂ³¹	Sun1991
		337	rac		mr	remain	m̥ʐat⁵⁵	Sun1991			mjit²¹	Sun1991	mji:t³¹	Sun1991			mjik³¹	Sun1991
	042a	338		mryat		root	mʐuat⁵⁵	Sun1991	mɛt⁵⁵	Sun1991								
		339	mhut		m-	blow away	m̥ut⁵⁵	Sun1991	m̥ut⁵⁵	Sun1991	mut²¹	Sun1991	mu:t³¹	Sun1991	mat³¹	Sun1991	mɔt³¹	Sun1991
		340	nak			early	nɔɂ⁵⁵	Sun1991	nɔɂ⁵⁵	Sun1991	noɂ²¹	Sun1991	nɔ:ɂ⁵⁵	Sun1991	nɔɂ⁵⁵	Sun1991	naɂ⁵⁵	Sun1991
		341	naṃ			morning; morrow	-nap⁵⁵	Sun1991	nap⁵⁵-	Sun1991	nap²¹-	Sun1991	nap³¹-	Sun1991	nɛɂ³¹-	Sun1991	nɛɂ³¹-	Sun1991
		342	nat			ghost, spirit					nat²¹	Sun1991	nat³¹	Sun1991				
		343	nut			pull up (weeds)					nut²¹	Sun1991	nu:t³¹	Sun1991	nat³¹	Sun1991	nɔt³¹	Sun1991
	362a	344	nak			black			nɔɂ⁵⁵	Sun1991	noɂ²¹	Sun1991	nɔ:ɂ³¹	Sun1991	nɔɂ³¹	Sun1991	naɂ³¹	Sun1991
		345				to plait			nɤk⁵⁵	Sun1991	nik²¹	Sun1991	nə:k³¹	Sun1991	nak³¹	Sun1991	nak³¹	Sun1991
		346	-ñhap		ŋj-	fire-tongs	-ñap⁵⁵	Sun1991	-ɲap⁵⁵	Sun1991	ŋjap²¹	Sun1991	ŋjap³¹-	Sun1991	ŋjɛɂ³¹-	Sun1991	ŋjɛɂ³¹-	Sun1991
		347				sink	ñɔp⁵⁵	Sun1991	ɲɔp⁵⁵	Sun1991	nop²¹	Sun1991	nu:p³¹	Sun1991	nɔp³¹	Sun1991	nap³¹	Sun1991
	233a	348	yac		yat	be drunk	et⁵⁵	Sun1991	ɛt⁵⁵	Sun1991			ji:t³¹	Sun1991	jik³¹	Sun1991	jɔt³¹	Sun1991
	169a	349	yok-			man (male)			juɂ³¹-	Sun1991	juɂ²¹-	Sun1991	juɂ⁵⁵-	Sun1991	jauk³¹-	Sun1991	jauɂ³¹-	Sun1991
	196b	350	rak			weave (cloth)	ʐuaɂ⁵⁵	Sun1991	ʐɔɂ⁵⁵	Sun1991	voɂ²¹	Sun1991	jɔ:ɂ³¹	Sun1991	ɣɔɂ³¹	Sun1991	ɣaɂ³¹	Sun1991
	272a	351		ryap		stand	ʐap⁵⁵	Sun1991	jap⁵⁵	Sun1991	jap²¹	Sun1991	ja:p³¹	Sun1991	jɛɂ³¹	Sun1991	jɛɂ⁵⁵	Sun1991
	011a	352	-rip			shadow	-ʐit⁵⁵	Sun1991	-ʐɯt⁵⁵	Sun1991	vup²¹	Sun1991			ɣap³¹-	Sun1991	ɣap³¹-	Sun1991
	137a	353	rit			shave (beard)	ʐoɂ⁵⁵	Sun1991	ʐuɂ⁵⁵	Sun1991	vuɂ²¹	Sun1991	ju:k³¹	Sun1991	ɣauk³¹	Sun1991	ɣauɂ³¹	Sun1991
		354	rwak			carry sth with	ʐoɂ⁵⁵	Sun1991	ʐoɂ⁵⁵	Sun1991	vaɂ²¹	Sun1991	vu:ɂ³¹	Sun1991	vɔɂ³¹	Sun1991	vaɂ³¹	Sun1991
	145a	355	lak			hand	lɔɂ⁵⁵	Sun1991	lɔɂ⁵⁵-	Sun1991	loɂ²¹	Sun1991	lɔɂ³¹	Sun1991	lɔɂ³¹	Sun1991	laɂ³¹	Sun1991
76		356	lok			maggot					luɂ²¹	Sun1991	luk³¹	Sun1991	lauk³¹	Sun1991	lauɂ³¹	Sun1991
		357	lyak			lick	liap⁵⁵	Sun1991	lɛɂ⁵⁵	Sun1991	joɂ²¹	Sun1991	jɔ:ɂ³¹	Sun1991	jɔɂ³¹	Sun1991	laɂ³¹	Sun1991
		358	wat			wear	xot⁵⁵	Sun1991	ut⁵⁵	Sun1991	vut²¹	Sun1991	wu:t³¹	Sun1991	vɛɂ³¹	Sun1991	vɛɂ⁵⁵	Sun1991
	085a	359	wak			pig	oɂ⁵⁵	Sun1991	oɂ⁵⁵	Sun1991	vaɂ²¹	Sun1991	vuɂ³¹	Sun1991	vɔɂ³¹	Sun1991	vaɂ³¹	Sun1991
		p.69	cuiḥ			rule(r)	tʂau³¹	Sun1991	tʂu³¹	Sun1991	tsau²¹	Sun1991	tshou³⁵	Sun1991	tsuk⁵⁵	Sun1991	tau³¹	Sun1991
		334				hat					muɂ²¹-		muk³¹-		mauk³¹-		mauɂ³¹-	
