Button_number	Mann_number	Nishi_Number	Mann_meaning	Achang	Zaiwa	Lashi	Maru	Bela	Phon
	001a	175	sky	mau³⁴	mau³	mau³	moɂ³⁵	mau⁵²	mu³¹
	001b		sky	kʰoŋ³²	kʰuŋ⁵³	kʰoŋ³¹	gauŋ⁵¹		
	002a		sun	pui³¹	bui³	be⁵¹	ba³¹	pui³	
4	003a	216	moon	lạ⁵	lə⁴	la⁵	lọ⁴³	lẹ²³	la³¹
	003b		moon	mụ⁵	mɔ⁴	mɔ⁵³		mə⁵²	
	004a		star	gi²	kị⁵³	kị⁵³	gi⁵²	kị³	
	005a		cloud	dʒə³²	dum⁴²	dʒɛ⁵³	dʒạm³¹	tsạm³	
	006a	31	mist		ŋạn⁵³	ŋãɪ³	ŋɪn⁴²		
	006b		mist	dʒue⁴⁵			tʃʰe⁴³		
46	007a	70	rain			wɔ⁵¹			waɂ⁵⁵
	008a		rainbow	sai³⁵		səŋ⁴³	saŋk⁵³		sə
	008b		rainbow	jaŋ⁵³	βʷɔɂ³²	jɔɂ³¹	ja⁴¹		jʊŋ
	008c		rainbow	kan²	gan²		gen⁴		
	009a		lightning		lạp⁴	læ̣p⁵³			
	010a		thunder		gum⁵³	guɛm³			
	011a	352	shadow	jæt²¹	vʊp³	jø̣p³			
	011b		shadow			paŋ⁵³	baɂ²¹		
31	012a		night	njɛn³⁵	mjɪn³⁴	mjēŋ⁵	mị⁵	mjan²³	meɪ³¹
40	013a	229	day	njei⁴⁵	ni⁴⁵	njē⁵	na³¹	neɂ⁵²	ni³¹
	014a		morning	nap³	nap³	næp³²	nɛɂ³²	ne²³	
	014b		morning		gjɔ⁴	gjot⁵²	ga³¹	kaŋ³	
	015a		noon	kuŋ⁵¹	guŋ⁵³	goŋ⁵¹	gau³¹	kạ̄⁵²	
	016a		yesterday			jɪn⁵³	jɛɂ²³	jə²³	
	016b		yesterday		ɂə³	ɂai²⁵	ɂa³²	ɂaŋ³	
	017a		tomorrow	jɔ³¹		jɔ⁴²			
	017b		tomorrow		ma³		mɔ³⁵	ma²³	
	018a		year	dzan⁴²	dzan⁵¹	tsain⁴	dzɪn³¹		
	019a		east	bui⁴²	ba³¹	bø⁵³	ba³¹	pui³	
	019b		east	tʰuɂ⁵⁴	tʰɔɂ⁵	tʰuɂ⁵²	tʰuk⁵	tʰau⁵²	
	020a		west	waŋ³¹	waŋ³¹	waŋ³¹	wa³²	wãŋ³	
	021a		north	dzọŋ³²		tsọŋ³²		tsaŋ³	
	022a		south	tị³²		bi³²		pi³	
	023a	67	water	dʒei⁴²					cʰi⁵⁵
	023b		water		ɂʊ̣t⁵	ge⁵¹	ɣit⁴	ɣi³	
	024a		river	laŋ³²	laŋ³¹	lạŋ³¹		laŋ⁵²	
	025a		sea		baŋ³	baŋ²³	baŋ³		
	025b		sea		lai³¹	lai³²	lai³²		
	026a		earth, soil	dzɔ⁴⁵	dzɛ³¹	dʒoŋ⁵¹		tsai²³	
	026b	57	earth, soil		mit⁵	mjẹ⁵³	miɂ³	mi³	mji⁵⁵
	027a		mud	tʰɔm⁵		tʰøm⁵	tʰam³²		
	027b		mud	bɔp⁴³	bɔ³	bøp²¹	bap³²		
	028a		dust	pʰə⁵	pʰui²	pʰə⁵	bət³		
	028b		dust	lạụ⁵¹	lau⁵³	lau⁵¹			
82	029a		stone	luk³	luɂ³	lok³	lau⁴³	lauɂ²³	loɂ³¹
	030a		sand	si⁵	su³⁵				
	030b		sand	ʃɔ³¹		tʃʰo³¹	tʃʰö³¹	ʃa³	ʃe
	030c		sand		mui⁵²	mjẹ⁴³	ma³²		mu
	031a		lime(betel)	ʃə⁴³	tʃʰɔ³²	ʃo⁵³			
	031b		lime(betel)	hui⁵	hui³	hẹi⁴²			
	032a		gold	xjen³	hɯŋ⁵³	ʃəŋ⁵²	xaŋ⁴²	xaŋ³	ʃaiŋ⁵⁵
	033a	66	silver	ŋui⁴²	ŋun³¹	ŋ⁵²	ŋoi⁴²	nui³	
	034a		iron	tʰjɛɂ⁴²	dɔɂ⁵	dɔɂ⁵²	tọɂ⁵⁴	tạɂ⁵²	
	034b		iron			dʒɔɂ³	dʒoɂ³²		
	034c	30	iron		ʃam⁵⁴				se⁵⁵
	035a		mountain	buɔm³¹	bum³¹	bɛm⁵¹	bam³¹	pam²³	
	036a		cave	luk³²	lʊp³	loɂ³⁴	lauk³²		
	036b		cave	kʰjuŋ³²	kʰjuŋ⁵³				
	036c		cave			ɂoɂ⁵³	ɂạụk⁵		
	037a		forest			gjɛm⁵³	dʒam⁴		
	037b		forest	kʰjam⁴¹		kʰau³²			
	037c		forest				tʰa⁴		
84	038a	289	tree	saiɂ⁵	sɪk⁵	sək⁵⁴	sak⁵	sak⁵²	ʃaiɂ³¹
	038b		tree		gam⁵³	gam³¹	ge⁴¹	kʰi³	
	039a		branch	kɔ̣³¹	kɔɂ⁵⁴	goŋ³	gɔŋ³¹		kʰo³¹
	040a		bark	kụk⁵⁴	kụɂ⁵	gok⁵³	kạụɂ⁵⁴		kʰue⁵⁵
	041a	161	thorn	dzu³⁴	dzu³¹	dzu⁴	dzau⁴		sʰu³¹
	042a	338	root	njɛt³²	mɪt⁴³				mjaiɂ³¹
	042b		root			gi²	gi²	ki⁵²	
	043a		leaf	huɂ⁵	haɂ⁵	foɂ⁵³	foɂ⁵	faɂ⁵²	
	044a	152	flower	pan³⁴	ban³²	bain⁴	pẹn⁴	pje⁵²	pɛ³¹
80	045a	134	fruit	ʃi⁵	ʃi³¹	ʃi⁴	ʃi⁴³		ʃi³¹
	046a		seed	ɂa³²		ɂa³	ɂa³	ɂa	ɂa
	046b	220	seed	dʒei⁵⁴	dʒi⁴		dʒit⁴⁵		
	046c		seed		ʃɪ³	ʃi⁵			si³¹
	047a		grass	mạn²⁵	mjɔɂ³¹	mjɔɂ²	mjoɂ²⁴	mẹ²³	mjoɂ³¹
35	048a	198	bamboo	wu³⁴	wa³¹	wɔ³	vo⁴		wa³¹
	049a		bamboo shoot	njiɂ⁴	nik³²	mjuk³	mạk⁴²		maiɂ³¹
	050a	50	mushroom	mau³¹	mai³	mau³¹	mok⁴³		mu⁵⁵
	051a		rattan	gjɛn⁴²	gam⁵³	gjɛm⁵¹	ɣam⁵¹		
	052a		kapok		lə²	la³²	lə²		
	052b		kapok		ban⁵³	bæm³¹	pẹ⁴²		
	053a		sugar cane	pʰɨŋ⁵	pʰuŋ³	pʰəŋ⁴⁵	pʰauŋ⁴		pjo
	053b		sugar cane	tʃʰau³	tʃʰui⁵³	tʃʰau³¹	tʃʰuk⁵⁴		ʃu⁵⁵
	054a		betel nut	tʃʰa³		tʃʰa⁵⁴			
	055a		opium		pʰɛn³				
	056a		liquor	jei³	ɂi⁵	jēŋ⁴	ɂịɂ⁵⁴		
	057a		banana	ŋɔɂ³	ŋɔ⁴⁵	ŋɔ³	ŋoɂ³		ŋuɂ³¹
	057b		banana	njụk³⁵	mjuɂ⁵³	mjok⁵⁴	mjæuɂ³²		
	058a		papaya	saŋ³	seŋ⁴	saŋ⁵⁴	saŋ⁵²		
	058b		papaya	pʰɔ³	pʰɔ⁵⁴	pʰɔɂ³	pʰɔ⁵²		
	061a		coconut	ɂun³¹	ɂʊn⁵³		ɂʊn⁴²		ɂʊn³¹
	062a		eggplant	kʰə³	kʰət⁵	kʰə⁵	kʰət³		
	062b		eggplant	lạm⁵	lam⁵⁴	læm⁵	le⁴		ɹɛ³¹
	063a		peanut	mjɛ³	mi³	mjeŋ³²	mi²³	me³	
	063b		peanut		nuɂ³⁵	nok³²		nak⁵²	
	063c		peanut	bɛ⁵					
	064a	109	ginger	tʃʰaŋ⁵	tʃʰaŋ³¹	tʃʰaŋ⁵⁴	tʃʰa³	tʃʰaŋ²³	ʃo³¹
	064b		ginger			gɔɂ⁵²	kọɂ⁵⁴		kə
	065a		garlic	hu⁵	hu³	hø⁵	hau³		
	065b		garlic	son³	sʊn⁵⁴	soin⁴²		saun²³	ʃwe³¹
	065c		garlic		pʰju⁵¹	pʰju²¹	pʰju⁵¹		pʰju⁵⁵
	066a		red pepper	la³		la²			
	066b		red pepper		pʰjik⁵		pʰjak⁵		
	067a		corn	la³	lum⁴	la²			
	067b		corn	mi⁵		mɯ̃⁵²			
	068a		paddy rice	guk³	guɂ³²	kọk⁵³	gauk³²		koɂ⁵⁵
	069a		cooked rice	wɔm³		wøm²			
	069b		cooked rice		dzaŋ³¹		dzo³¹		
	070a		rice husk	pʰə³			pʰӧi³²		pʰu
	070b		rice husk			kọk⁵⁴			koɂ⁵⁵
	070c		rice husk	san³	tʃʰɪŋ⁵³	sɨ⁵			ʃeɂ
	071a	97	salt	tsʰɔ⁵	tsʰɔ³¹	tsʰo⁵	tsʰo⁴³	tʰa²³	sʰa³¹
	072a		animal	gau³⁴		kau²			
	072b		animal	njæ̣ụɂ⁵²		njauk⁵³			
	073a		tiger	dʒɔ³		dzə⁴³			
	073b		tiger	lu³	lə³²	lo³		la⁵²	la³¹
	073c		tiger				kʰa²		kə
	073d		tiger		mɔ³		mjaŋ³²		
29	074a	81	bear	wɔm³¹	vam³¹	wuɂ³⁴	we⁴¹		we⁵⁵
	075a	258	deer	tsʰat⁵³	tsʰə³	tsạịɂ⁵¹			chi⁵⁵
	076a		monkey	lai³⁴	lə³	la³			
	076b	336	monkey	njuk⁴²	mjuɂ³²	mjok³²	mjæuɂ³¹	mjauɂ⁵²	mjaiŋ⁵⁵
	077a		gibbon		nɔɂ³²	nɔ̃ɂ³¹			
	079a	21	porcupine	tjụ³	bju⁵³	bju³	pjụ⁵²		pʰjuɂ⁵⁵
	080a		rat	gjuɂ⁴²		gɛn³²	ɣok³²	ɣo²³	
	080b		rat		ŋɔ³	nɔ̃ɂ³		naɂ⁵²	
37	081a	108	dog	kʰui⁴⁵	kʰui³¹	kʰue³²	kʰa²	kʰui²³	kʰui³¹
	081b		dog			la⁵³	lə		
	082a		bark2		kʰui³²				kʰue⁵⁵
	082b		bark2	dʒjæp⁴²		gjæp³	ɣeɂ³		
	083a		bite	ŋat³¹	ŋat³²	ŋait³	na³²		
	085a	359	pig	wuɂ⁴²	waɂ³¹	wuɂ³	vɔɂ³²	vʷa⁵²	wʊɂ³¹
	086a	185	cow	nju³	nɔ³	nũ³	noŋ⁴	nau⁵²	nu³¹
	086b		cow		dʒuŋ⁵³		dʒauŋ⁵¹		
	087a	230	milk	nau⁵	nau³	nau⁴	noŋ³	nau²³	nu³¹
	088a		buffalo	lui⁴	lui³¹	li³	lӧi³	lui⁵²	li³¹
	089a	19	buffalo horn	kʰjæu³	kʰjui⁵³	kʰjau³²³	kʰjoɂ⁵²	kʰju³	
	090a		tail	ljạŋk⁵³		jạŋk⁵³			
59	090b	180	tail		mi³¹	me³	mị⁴³	mi⁵²	mi³¹
	090c		tail		ʃɔ⁴³		ʃɪ⁴	sʰa²³	
	091a	10	elephant	tsʰaŋ³		tsʰaŋ²	tsʰa⁵³		
	092a	48	elephant tusk	dzui³¹	dzui³¹	dzi⁵² (tusk)/tsɨ̣⁵²(tooth)	dzӧi³¹	tui³	sʰui⁵⁵
	093a	299	bird	ŋɔ̣ɂ⁵²	ŋɔ̣ɂ⁵⁴	ŋɔ̣ɂ⁵²	ŋɔ̣ɂ⁵⁴	ŋạɂ⁵²	ŋa³¹
	094a		bird nest	suat⁵⁴	sʊt⁵	soiɂ⁵³	sait⁵⁴		ʃaɂ³¹
	095a	43	wing	duŋ³¹	duŋ³¹	doŋ⁵¹	dauŋ⁴¹		tɔŋ⁵⁵
	096a		feather	mau⁴⁵	mau³¹	mau³⁵	mọk⁵		mjai
	096b		feather			ɂa³			
	097a		fly	daŋ³	daŋ⁵³	daŋ³	da⁴		
	098a	242	egg	ɂuɂ⁵³	ɂu³	wɨ̣ɂ⁵³	au⁵⁴	ɣụ²³	ɂu³¹
	099a		chicken	gjɔɂ³¹	βʷɔɂ³²	gjɔɂ³²	ɣɔɂ³²	ɣɔɂ²³	
	100a		duck	bɛ³		bə³			
87	101a		fish	n⁴³	ŋɔt³	ŋə³	ŋo³	ŋə	ŋa³¹
	102a		snake	lạŋ³	lạŋ⁵³	lạŋ³⁴	lạ³		
69	102b		snake	nji³¹	mui³¹	mjũ⁴¹	mọị³²	me³	
	103a		house lizard		dzuŋ³	dʒɛ⁵			
	105a		crocodile	man³¹					mi³¹
	106a	91	frog	pụ⁵	bɔ³¹	pu⁵	pọ³	pa²³	pa³¹
	107a	151	insect	bau³	bau³¹				pu³¹
	108a		spider	njɔ̣⁴²	mjạ⁴	mjɛ³			
	108b		spider		gɔŋ³²	gaŋ³²	ga³²	koŋ⁵²	
	109a		spider web	sot⁵	sʊt⁵		sait⁵		
	109b		spider web			jɛm³			
	110a	136	louse		ʃɪn³¹	ʃen⁵	ʃɪn²	ʃaun²³	
	111a		termite	dʒaŋ³	dʒaŋ³²		dʒạ³²		
	111b		termite	guan⁵	gɔŋ²¹	kʰjæm⁵²	kạn³		ʃɛɪ³¹
	112a		cockroach	tʰjɔ⁴²	pʰjɔ⁵³	pʰjɔ⁴²	pʰjɔ³¹	pʰja³	
	113a		snail	nə³		nə³²	nə²		
	113b		snail	bap³¹		bait³²	beɂ²¹		
	114a	24	mosquito	kjạŋ³	kjạŋ⁵³	kjạŋ⁵²	gjạ²¹	kjạŋ³	
	115a		bee	djɔ³	bjɔ³¹	bjɔ³	bjɔ²	pja⁵²	
	116a		fly (insect)	jaŋ³	jaŋ³²	jaŋ³		joŋ	jo⁵⁵
	116b		fly (insect)	kʰuŋ⁵	kʰuŋ³¹	kʰoŋ⁵			kə
	117a		butterfly	pʰə³	pʰət⁵	pʰə⁵³	pʰət³²	pʰə³	
	117b		butterfly	djam³	lạm⁵³	læm²¹	le³¹	lẽ³	
	117c		butterfly						pja⁵⁵
	118a		scorpion	guŋ³¹		goŋ⁵²			
	118b		scorpion	gau⁵		gau⁵			ko³¹
	118c		scorpion		gɔk⁴				
	119a		head	ɂut⁵	ɂʊt³²	wə⁵	ɂau²	ɂu³	
	119b		head	lɔm⁵³	lụm³¹	lø̃m⁵¹		lam⁵²	
	120a		face	njɔɂ⁴³	mjɔɂ³²	mjɔ̃ɂ⁴	mjɔɂ³	mjaɂ²³	
	120b		face	nɔ̣³¹		nɔ̃³	nɔ³		
	121a	126	brain	ɂu⁴⁵	ɂu³⁴	wə⁵	ɂau³	ɂu	ɂo³¹
	121b		brain	nuk⁴²	nuɂ⁵	noɂ⁵¹	nauɂ⁴²	nauɂ²³	nokɂ³¹
	122a	9	hair	tsʰam³	tsʰam⁵³	tsʰæm⁵³	tsʰe⁴¹	tsʰi³	sʰɛ⁵⁵
	123a		forehead	ŋa³	ŋɔt³	ŋə³	ŋa³		
	123b		forehead	laŋ³	laŋ³¹	laŋ³	la²		
	124a		eyebrow	mi³²	mau³	mɨ³		mauŋ²³	
71	125a	335	eye	njɔɂ³	mjɔɂ³²	mjɔ̃ɂ⁴	mjɔɂ³²	mja²³	juɂ³¹
	125b		eye	dʒi⁴³	dʒi³			tsi²³	si³¹
	126a		eyelid	kụk⁵⁴	kụɂ⁵	gok⁵³			
66	127a	61	nose	nɔ̣³	nɔ⁵³	nũ³	nọ⁴¹	nã³	naɂ⁵⁵
	128a		cheek	bə⁴	bu³	bə³	bə³²		pa³¹
	128b		cheek	lɔt⁴³		loiɂ³²			
88	129a		ear	nɔ³	nɔ³	nai³	no³	ne³	na³¹
	129b		ear		kʰjæp⁵	kʰjæp⁵³		kjɛ²³	
	130a	295	mouth	nụə̣t⁵⁴	nʊ̣t⁵	nọịɂ⁵²	nạt⁵⁴		
	131a		tongue		mui³¹		ʃɔ⁵¹	ʃʰa⁵²	
	131b		tongue	djɔ̣³		jɔ⁴³			jaɂ⁵⁵
	132a		saliva		kan³¹	gain⁵³	kʰət³	kiɂ²³	
	132a		saliva	dʒei⁵					tʰwi
	133a		tooth						sɛ
	134a		gums	njeŋ³¹			njɛn³¹		
	135a		chin	ɂam³	ɂam⁵	ɂæm³	ɂe³²		
	135b		chin	tʃʰam⁵	tʰaŋ⁵³	tʃʰæm⁴			
	136a		beard	nɔ̣t⁵⁴	nʊ̣t⁵	nọịɂ⁵³	nạịɂ⁵⁴	nau⁵²	
	136b		beard	mi⁴²	mui³¹	mɨ³²	mọk⁴	mjɛ⁵²	
	137a	353	shave (beard)	juk⁴³		gjɛt⁴			
	138a		back	noŋ⁵		noŋ⁴⁵			
	138b		back	kʰoŋ³	kʰuŋ⁵³	kʰoŋ³¹			tʰaŋ
	139a	200	abdomen	wom³	βʷam³	wɛm³		xuĩ³	
	139b		abdomen	dau³	dau³¹	dau³²	duk³²	tau⁵²	
	140a	263	navel	tʃʰɔɂ⁵⁴	tʃʰɔɂ⁵⁴	tʃʰɔɂ⁵³	tʃʰoɂ⁵⁴		sʰɛɂ³¹
	141a	296	heart	nạịk⁵⁴	nɪ̣k⁵	nək⁵⁴		nak⁵²	
	141b		heart	lam³²	lum³¹	lɛm²		lam⁵²	laŋ³¹
	142a	275	lungs	tsʰɔt⁵³		tsọịɂ⁵³		tsạɂ⁵²	ʃwaiɂ³¹
85	143a	131	liver	tjɛ̣n⁵	sin⁴²	səŋ⁵	saŋ³²	saŋ²³	ʃaiŋ³¹
	144a		intestines	ɂu³	ɂu⁵¹	wu⁴	ɂau³¹	wu³	
	145a	355	hand	lɔɂ⁴²	lɔɂ³²	lɔ̣ɂ³	loɂ³²	lạ⁵²	lʊɂ³¹
	146a		elbow	man⁵	mun³⁴	moi⁴⁵	mạịt⁵		
	146b		elbow	tʰuŋ⁵	tʰuŋ⁴	tʰuŋ⁵³	tʰauŋ²		
	146c		elbow	gue³		gue⁵³			
	147a		armpit			tʃʰæp⁵³	tʃʰɛɂ⁴³		
	147b		armpit			kʰjoŋ⁴	kʰæuŋ⁴²		
	149a	140	finger	njæ̣ụ⁵	njui³¹	njạụ⁵	njọɂ⁵	njạụŋ²³	
74	150a	132	nail	sai⁵	siŋ³¹	səŋ⁴	saŋ⁴³	saŋ²³	ʃaiŋ³¹
	151a		buttocks	tʃʰoɂ⁵³	tʃʰə⁵	tʃʰoŋ⁵³			
	153a		thigh	daŋ⁵	daŋ³²	daŋ⁵		toŋ²³	
	153b		thigh	bau⁵	bau³	bau⁴	bauŋ³¹	pau⁵²	
	154a		knee	pʰə⁵		bue⁵³	pạt⁵		
	154b		knee	luk⁵⁴		loɂ³²	lauɂ³		
	154c		knee	tʃʰap⁵⁴					chiɂ⁵⁵
	155a		calf	pụɂ⁵⁴	bu³	buɂ⁵³	bau³		
	156a		shin	njạŋ⁵	mjạŋ³²		mạ⁴		
	156b		shin	kạŋ³		gaŋk⁵²	kạụŋ⁴		
	157a	18	foot	kʰjei³	kʰji⁵³	kʰje⁵³	kʰit⁵³	kʰi³	kʰi⁵⁵
	158a		heel		tʰaŋ⁴³	tʰuŋ⁴	tʰauŋ²		tʰaŋ³¹
	159a		bone	ʃe³	ʃə⁴³	ʃe⁵⁴	ʃɪ⁴³	ʃʰu	
78	159b	189	bone	jæu³	wị³²	jau⁴¹	ɣok³		ɹu³¹
	160a		rib	nam³¹	nam³²	nam³¹	nɛ³		
	160b		rib		tʃʰam³²	tʃʰam⁵⁴	tʃʰe⁴²		
22	161a	135	flesh	ʃɔ⁵	ʃɔ³¹	ʃu⁵	ʃɔ³²		ʃa³¹
	162a		fat	tsʰɨu³		tsʰu³²	tsʰau³¹		ʃaiŋ⁵⁵
	163a		skin	jei³¹		je⁵¹			ɹi
93	164a	128	blood	sui⁵	sui⁴²	soi⁵	sa²	sui²³	ʃui³¹
	165a		sweat		bui³²	bje³¹	bau³¹	pau⁵²	
	165b		sweat	gjɛ̣³		kjụ⁵	gjӧ²	kjɛ³	xwai
	166a		pus			fueɂ⁵³	fak⁵		
	167a	111	excrement	kʰjei⁵	kʰi³¹	kʰei⁵	kʰiɂ⁵⁴		
	168a		urine	jẹị⁵	ɂi³	jẹ⁵	ɂịt⁵		
	168b		urine		ʃi⁵³				sʰi³¹
	169a	349	man		juɂ⁴			jauɂ⁵²	jok⁵⁵
	169b		man		ge³¹	ge⁵¹	gai³¹	kai⁵²	
	170a		woman	mɛ³¹	mi³	me⁴	mjɪ²	mɛ³	mi⁵⁵
	170b		woman			je⁴	ɣe²	ɣɛ⁵²	
	171a		person	dju³¹		bju⁵¹	bju³¹	pju³	
	172a		father	ɂa³	ɂə	ɂa³	jɪp²	ɂa	ɂə
	172b		father	ba⁵		pʰoɂ⁵³	pʰɔ⁴³	va³	pʰa
	173a		mother	ɂuŋ³		ɂa³		ɂa	ɂə
	173b		mother	wɛ³¹		jẹɂ⁵³	jɪp²		ji³¹
	173c		mother			noŋ	mị⁴²		
42	174a		child	ʃaŋ³	ʃaŋ⁵³				sə
	174b		child		dʒə³	dzu⁴	dzo³²		
	174c		child	lə³					
33	175a		son-in-law	mɔɂ⁴³		mɔɂ⁴			moɂ³¹
	175b		son-in-law		ɂạụ⁵³		ɂok⁴²		
	176a		husband	jɛ̣n⁴	jạŋ³	jok³	jạm³²		
	176b		husband	sain⁴³			saŋ²¹		
	176c		husband		laŋ⁵³			loŋ³	lo⁵⁵
	176d		husband	pʰɔɂ³¹			pʰo³		
	177a		wife	njịɂ³⁴	mi³¹	me⁴	mị⁴	mi⁵²	mi⁵⁵
	178a		widow	tʃʰau⁵	tʃʰui³²	tʃʰau⁵⁴	tʃʰuk⁵⁴		
	178b		widow	mu⁵	mɔ³	mɔ̃⁴	mɔ⁴		mai³¹
	179a		elder sibling	ɂa³	ɂa⁴⁵	ɂa⁴	jə²	ɂa³	
	179b		elder sibling	maŋ³	maŋ⁵³	maŋ⁴	ma²		mo³¹
	180a		younger sibling	nu⁵		nõŋ⁵	nauŋ³²	nauŋ⁵²	
	181a		friend	djɛn³¹		bjeŋ⁵³	bjɪn²¹	pui³	
	181b		friend	tʃʰaŋ⁵	dzum³	tʃʰaŋ⁵	tʃʰa²		
72	182a	51	name	njeŋ³¹	mjɪŋ³¹	mjəŋ³¹	mạŋ³¹	maŋ²³	maiŋ⁵⁵
	183a	71	village	wʊ³	wa³¹	wə⁴	vo²	wa²³	wa⁵⁵
	183b		village	kʰau³		goŋ⁵¹	kʰauŋ²		kʰə
	184a		road, path		kʰjɔ⁵³	kʰjɔ⁴	kʰjɔ⁵¹	kʰja⁵²	kʰə
13	184b		road, path	lụ³					ɹi³¹
	185a	36	boat		lạị⁵³	lẹɂ⁵⁴	lạ³¹		liɂ⁵⁵
	185b		boat		wi³		ɣit²		
	186a	25	house	jẹn³	ɂjụm⁵³	jɛ̣m⁴	jạm³¹	jạm²³	ɂaiŋ⁵⁵
	187a		door	kʰuam⁵	kʰum³¹	kʰæm⁴	kʰam³	kʰam²³	
	188b		window		dɔŋ³¹	duaŋ³¹			
	188c		window	baiɂ⁴¹					
	189a		roof	kʰoŋ³	kʰuŋ⁵³	kʰoŋ⁴²	kʰauŋ³¹		kʰauŋ⁵⁵
	190a		under house	dʒei³¹	gi⁴³	ge⁵	git³		
	191a		wall of house	dʒə̣³	tsʰə⁵⁴			tsʰi	tʰo⁵⁵
	192a		mat	tʰan³	tʃʰə⁴	tʰãɪ⁵²	tʰɪn⁴¹		
	192b		mat		pʰjɔ⁵³				
	193a		pillow	ɂu⁵	ɂu³	wə⁵	ɂau²		ɂaiɂ³¹
	193b		pillow	kʰɨɂ⁵³	kʰuɂ⁵⁴	kʰoɂ⁵³	kʰau³		
	194a		blanket	mi³¹		mẹị⁵¹	mai³²		
	194b		blanket		pʰə³		pʰoɂ⁴		
	194c		blanket		dʒɔŋ³⁴				
	195a		clothing		bu³¹		bau²	pụ⁵²	
	196a		weave (cloth)		kan³²	gain³	gɪn⁴	ɣa⁵²	
	196b	350	weave (cloth)	jɔɂ³¹	wɔɂ³	jɔ̣ɂ³	ɣoɂ³²		rʊɂ³¹
	197a	99	dye (cloth)	tsʰau⁵		tʃụɛ̣m⁴¹	tsʰo⁵⁴		ʃo³¹
	198a		sarong	lụ⁵		lo⁴			
	198b		sarong				kạŋ³²		
	199a		trousers	kʰjaɂ⁵³	kʰap³²	kʰjaɂ⁵³			
	200a	266	sew	tʃʰoap⁵¹	kʰjup⁵⁴	tʃʰuɛp⁵³	kʰjæp⁵		xɹaɂ³¹
	201a		needle	ŋạp⁵⁴	ɂạp⁵	ŋæ̃p⁵³	ŋẹɂ⁵⁴	neɂ⁵²	
	202a		comb	tjẹ⁵	da³			tụị²³	
	202a		comb			bi⁵	bje³²		pʰje³¹
	203a		ring	lɔɂ³²	lɔɂ³²	lɔ̣ɂ³	loɂ³²		
	203b		ring			bain⁴	pẹn²		
	203c		ring	kjɔ̣p⁵³	dʒɔp⁵⁴				
	205a		cooking pot	ɂau⁵		ɂau⁵	ɂọk⁵⁴		oɂ⁵⁵
	206a		ladle	mɔət⁴¹	mə³	mọịɂ³			mui³¹
	207a		mortar	tsʰɔm³	tsʰum⁵³	tsʰæm⁴³	tsʰam⁴¹		
	208a		pestle	tʰuŋ⁵	tʰuŋ³⁴	tʃʰaŋ⁴⁵	tʃʰa³²		ci⁵⁵
	208b		pestle	kjẹị³	gi⁵³	ge³¹			
	209a		spoon	mɔt⁴²		moiɂ³			
	209b		spoon		dʒɔ⁵³	dzɔ³			
	210a		plate	ban³¹		bãɪ⁵¹	ban³¹		
	210b		plate		dzaŋ³¹		dzo³²		
	211a		firewood	tʰaŋ⁵	tʰaŋ³¹	tʰaŋ⁴	tʰa³²		tʰo³¹
58	212a	172	fire	nji³	mị³¹	mɪ⁴	mi⁴³	mi⁵²	mi³¹
	213a		ashes				kʰjum⁴³		
	213b		ashes	jap⁴²	vap⁵	jæp³			
	214b	107	smoke	kʰau⁵	kʰau³¹	kʰau⁵	kʰoɂ⁵⁴	kʰau²³	kʰu³¹
	215a		candle	pʰə³	bjɔ³				
	215b		candle		dziŋ⁵	dzəŋ⁵¹	tsạŋ⁴¹		
	215c		candle	jæuŋ⁵					
	217a		gong	maŋ⁵		maŋ³⁴	ma³⁴³		mɔŋ³¹
39	218a	193	crossbow	djei³	lai³	le³	la³		
	219a		arrow	njɔ̃³	mjɔ³¹	mjɔ̃³	mi³		mja³¹
	220a		spear	lạm³	lạm⁵³	læ̣m³	le³²		lɛ⁵⁵
	221a		knife	ʃam³	ʃam⁵³	ʃæm³	ʃjɛ³	ʃʰị²³	
	222a		hear	hjæu⁵	wɔ⁴	ʃau⁵		kjạ⁵²	
	222b	170	hear	gjɔ⁴¹	gjɔ⁵³	gjɔ³¹	gjo⁵	kja	
	223a		smell	nam³¹	hɔm⁵³	næm³¹	nje³		nɛ⁵⁵
	224a	53	see	njaŋ³¹	mjaŋ³¹	mjaŋ³¹	mja⁴	mjạŋ⁵²	mjo⁵⁵
	225a		wink	njɔɂ⁴³	mjɔɂ³	mjɔɂ³	mjɔɂ³²		
	225b		wink		lʊp³		lap³²		
	226a	65	weep	ŋau³¹	ŋau³²	ŋau³¹	ŋoɂ³²		ŋu⁵⁵
	227a	162	eat	dzɔ³	dzɔ⁵³	dzɔ³	dzo⁴	ta⁵²	sa³¹
	228a	54	swallow	njæ̣ụ³	mjui³²	mjau⁵³	mjuɂ³	mjụŋ³	
	229a		hungry	juat⁴²		joiɂ²	vʷe³⁴		
	229b	332	hungry		mʊt³²		mọ̈ɂ⁵⁴		mjeɂ³¹
	230a		full, satisfied		gi³¹	gi³	kʰi⁵⁴		
	231a		thirsty	ʃɛt⁵³	ʃɪt⁵	ʃiɂ³¹	ʃap⁵³		
	232a	272	drink	ʃok⁵²	ʃuɂ⁵	ʃioɂ³¹	ʃaut⁵³	ʃau²³	ʃoɂ³¹
	233a	348	be drunk	jɛt³¹		jeɂ³	ʒit³⁵		ze³¹
	234a		vomit	duk⁴²		dok³	daut⁴²		
	235a		spit		be³²	bi⁴⁵			
	235b		spit	djɛ⁵		pjạɂ⁵³	pʰö⁵		
	236a	113	cough		kʰɹuŋ³	kʰjoŋ⁵	kʰjæuŋ³		xɔŋ³¹
	236b	123	cough	tsạụ⁵	dzau³²	dzau⁵³	dzọɂ⁵⁴		sʰo³¹
	237a		sneeze	dʒei³		dʒe⁴³			
	237c		sneeze		tʃʰɪ³²		tʃʰɔ³		
	238a		yawn	ham⁵	ham²¹	ham⁴	he⁴		
27	239a	292	breathe	sɔɂ⁵³	sɔɂ⁵⁴	sɔɂ⁵³	sɔɂ⁵⁴		
	239b		breathe	ʃɛt³¹	ʃe³¹	ʃɛ³¹	ʃɛ³¹		ʃet
	240b		whistle		nʊ̣t⁵		nạịt⁵⁴		
16	241a		suck	dʒɔ̣p⁵³	tʃʰup⁴³	dʒuɛp⁴²	dʒạp⁵⁴		saɂ³¹
	242a		lick	djɔɂ³¹	jɔɂ³²	jɔ̣ɂ³²	jɔɂ³²		
	244a		laugh	ji³¹	βʷi³	jị³¹	ɣi²	ɣị²³	ɹiɂ⁵⁵
	245a		speak	tạịɂ⁵³	daŋ⁴³	daŋ²		tị²³	
	245b		speak				dʒau²		
	246a		tell	tạị⁵³	tạị⁵³	deɂ³¹	da⁴³		
	246b		tell	gjɔ⁵		gjɔ³	gjɔ³²		
	247a		shout	kạịɂ⁵³	gə³		geɂ⁴²		
	247b		shout				hok⁵⁴		
	248a		answer		tạụ³¹	duɛm³²	duk⁵		tʰu³¹
	248b		answer			deɂ³²	da⁴³		
	248c		answer	pʰuk⁵³					
	249a		lie, fib		mạụ⁵²	mauɂ³¹	mọk⁵⁴		
	250a		sing	tʃʰuŋ⁵			tʃʰæuŋ⁴³		
	250b		sing		-⁵⁴	kʰoi⁴³		kjẹɂ³	
	251a		think	ŋạm⁵³	mɪt³	mje³²	mit³		
	252a	225	know	sɛɂ⁵³	se⁵³	sɛɂ⁵²		sjɛ²³	ʃi
	253a		forget	tɔ̣⁴⁵	tɔ̣⁵⁴	dɔ³⁴	tọɂ⁵		
	253b		forget	njẹk⁵²	mị⁵³	mjɛ̣ɂ⁵²	mịt⁵⁴		
	254a		choose	kʰjɛn³	kʰɪn⁴²	kʰje⁴³	kʰɪn⁴³		
	254b		choose			ju³¹	ju³		
	255a	282	love	dʒɛt⁵⁴			dʒit⁵		
	255b		love	dap³¹			de³²		
	256a		hate		ɂa²	ɂa²			
	257a		wait	laŋ⁵	laŋ³⁴	laŋ³	la²⁵		
	257b		wait				na⁵²		
	258a		count	suan³		soe³			
	258b		count		ŋạp⁵⁴		ŋịɂ⁵	ŋwɛ̣ɂ	
	259a	328	afraid	gjuk⁴²	gjuɂ³²	gjok³²	gjæuɂ⁴³		
	260a		angry	nạị⁵³	nɪk⁵	nək³²	nạk⁵⁴	nạk⁵²	
	260b		angry	jɔ̣³²	jɔ⁵¹	jɔ²¹	jo³⁵	ja⁵²	
	261a	287	sleep	jɛ̣t⁵³	jụp⁵	jøp⁴²	jạp⁵	jạp³	ɂaiɂ³¹
	262a		snore	nọ³		njɔ̃³¹	mjaŋ³		
	262b		snore	kʰuŋ³	kʰɔk³²				
83	263a	333	dream	mɔɂ³¹	mɔɂ⁵²	mɔɂ²¹	moɂ³²	ma⁵²	mʊɂ³¹
25	264a	56	painful	nɔ³¹	nɔ³¹	no²³	no²³		naɂ⁵⁵
	265a		medicine	mɛ³		mə³	mə²	mạ³	
	265b	100	medicine	tʃʰei⁵	tʃʰi³¹	tʃʰe⁵	tʃʰit⁵⁴	tʃʰə²³	ʃiɂ³¹
95	266a	196	to itch	jɔ³	jɔ⁵³	jɔ³²			ja³¹
	267a		scratch	kjɛ̣n³	gin³¹	gjẽŋ³²	gɪn⁴¹		
	268a		shiver	nan³¹	nạn³	nãɪ⁴	nɪn⁵⁴	ne²³	
86	269a	28	die	ʃei³	ʃi⁴³	ʃe³²	ʃit⁵⁴		ʃiɂ⁵⁵
	270a		ghost	si³	ʃə⁴	sə³	səp²		
	270b		ghost	djɔ³¹	bjɔ⁵¹	bju³¹	bjɔ³¹	jui³	
	271a		sit	dzọŋ³	dzuŋ³¹	dzoŋ²	dzauŋ³	tsāŋ³	
	272a	351	stand	jap³¹	jạp³¹		jeɂ³		ɹeɂ⁵⁵
	273a		kneel	tʰuk⁵³	tʰuɂ⁴³	tʰoɂ⁵³	tʰauk⁵⁴		
	274a		walk	su⁵	sɔ⁵²	sɔ⁴	su⁵	tsọ²³	
	275a		crawl	du³	dɔ³²	dɔ²	du⁴²	tạụ⁵²	
	276a	236	go; return	lɔ³¹	le⁴³	lɔ³¹	lo³		ɹʊɂ
	277a	83	enter	waŋ³¹		waŋ³¹	wa³²		vɹo⁵⁵
	278a		return		dau	døm³¹	dam³		
	278b		return	tạụ⁵			tọk⁵⁴		
	279a	159	push	duan³	dʒụn⁵	duen³	dum⁵⁴	tsạn²³	
	280a		pull	laŋ³	laŋ⁵³	laŋ²		lõ⁵²	
	281a		kick	tʰəɂ⁵³		tʰɨɂ⁴²	tʰauŋ⁴		
	282a		throw	dɨu⁴³	dun⁵³				
	282b		throw			pjæ̣p⁵³	pjẹɂ⁵⁴		
8a	283a	222	fall	gjɔ⁴³		gjɔ⁴	gjo⁵	kja²³	
	284a		swim				kʰeɂ⁵⁴		
	285a		float			mjũ³	mjuŋ⁵⁴		
	286a		sink	njɔp⁴¹	mjup³⁴	mjok³²	nap⁴	nap⁵²	
	286b		sink		waŋ³¹		wa⁵⁴		
	287a		flow	jau³¹	ɂʊ̣t⁵	jau³¹	jọk⁵		
	287b		flow		mjui²¹	njɛ²¹	na⁴³		
	288a	150	give	dje³	bi⁵³	bje³	pjit⁵⁴		pe³¹
	289a		tie	dụị⁵	dui⁵³	dɨ⁵⁴	döi⁵		
	290a		wipe	bua³¹		boeɂ³			
	290b	270	wipe		sʊt⁵⁴		sat⁵⁴		ʃwaiɂ³¹
	291a		rub, scrub	tsʰaɂ⁴¹		dʒoiɂ⁵			
	292a		wash	tʃʰei⁵	tʃʰi⁵³	tʃʰe⁴³	tʃʰit⁵⁴	tʃʰə²³	ʃe³¹
	294a		bathe	guŋ⁴³	guŋ³	goŋ³¹	gauŋ³¹		
	295a		hit	bat³¹			bẹtɂ⁵⁴		
	295b		hit			jøk³			
	295c		hit		tʰui⁵³				
	296a		split	kʰjam⁵⁴	kʰɔɂ⁵	kʰɔɂ⁵²	kʰoɂ⁵⁴		
	297a		cut (hair)	tsʰam³				xam³	
	297b		cut (hair)			njæ̃m⁵⁴	mjæụk⁵³		
	298a	94	stab	tʰau⁵	tʰau⁵²	tʰau⁴	tʰoɂ⁵		
	299a		grind			lə̣ŋ³²		lui²³	
	300a		plant			dzoŋ⁴	dzạụɂ⁵³		
	300b		plant	xjɔ⁵	hɔ⁵³				
	301a		dig	du³	du⁵³	du³	daut⁴		tu³¹
	302a		burnt (corpse)	njɔ̣p⁵²	mjụp⁵⁴	njøp⁵³	njạp⁵	njæ̣p⁵²	mjaɂ³¹
	303a		winnow (rice)		pjạŋ⁵³		ja⁴		
	303b		winnow (rice)	lạŋk⁴²					
	304a		to dry	lạp⁴²	lạp⁵⁴	læ̣p³²	lẹɂ⁵⁴		
	305a	96	pound(rice)	tʰuŋ⁵	tʰuŋ⁵³	tʰoŋ⁴	tʰaun⁵		tʰɔŋ³¹
	306a		cook (rice)	dʒauɂ³¹	dzaŋ³	dʒaụɂ⁵³	dzɔ³²	tsạɂ⁵²	
	307a		boil	tsụɂ⁵²	dʒɔɂ⁵⁴	dzu³²	dzạụ⁴		
	308a		burn	ŋæ̣ɂ³¹	njɛ̣⁵³	ŋe⁴	ŋa⁴⁵		
	309a		extinguish		sat⁵⁴	sai⁵²	seɂ⁵⁴		
	309b		extinguish		mi³		mi⁴		
	310a		work	mu⁵	mu⁵	mɔ⁵	mau²⁵		
	310b		work	dzui³	dzui⁵³	dzɨ²¹	dzöi⁵		
	311a		play	lɨ̣ụ³		lu³²		li²³	
	312a		dance	gɔ⁵	gɔ³	gɔ⁴	go³⁴		ga³¹
	313a	309	shoot	baiɂ³¹		bək²	bak³²		
	314a		hunt	ʃo⁵	ʃɔ³	ʃo⁵	ʃɪ⁵⁴	su⁵²	cʰo
	314b		hunt	kʰat⁵²	kʰat⁵⁴	kʰạiɂ⁵¹			
26	315a	290	kill	sat⁵²	sat⁵	sạiɂ⁴²	sẹɂ⁵⁴	sẹɂ⁵²	ʃiɂ⁵⁵
	315b		kill				pjẹ⁵⁴		
	316a		fight		bjɔɂ³	pjæ̣p³¹		pẹɂ²³	
	317a		but	wi³¹	βʷi³	ɣɨ³¹	wai³	ve³	wiɂ⁵⁵
	318a	145	sell	ɂuŋ⁵	ɂụŋ⁵³	ɂõŋ⁵⁴	ɂaun⁴	ɂaŋ³	ɹɔŋ³¹
	319a		exchange	tʰaiɂ³¹	tʰai⁵⁴	tʰe⁵³	tʰa⁴³		
	319b		exchange		lum⁵³				
	320a		pay			tʃʰiɛ²	tʃʰi⁴		
	320b		pay	djei³	bi⁵³		bịɂ⁵⁴		
38	321a	106	steal	kʰau⁵	kʰau⁵²	kʰau³	kʰoɂ⁵⁴		kʰo³¹
	322a		one(person)	dai³		dai³	de³	ta⁵²	toɂ³¹
	322b		one(person)	juk³²	juɂ³¹	jok³²	jæuɂ⁴²		
	323a		two(ppl)	ɂai⁵³	ɂi⁴⁵	ɂək⁵³		jị²³	haiɂ³¹
	324a	130	three(ppl)	sɔm⁵³	sum³²	sɛm³	sam⁴²	sam³	ʃaŋ³¹
	325a		four(ppl)	njei³	mi³²	mje⁴		mi⁵²	ɲi³¹
	326a	188	five(ppl)	ŋ³	ŋɔ³²	m³	ŋɔ³⁵	ŋa⁵²	
	327a	267	six(ppl)	kʰjuk⁵³	kʰjuɂ⁵³	kʰjok⁵³	kʰjæuk⁵⁴	kʰjaup⁵²	kɔŋ⁵⁵
	328a	297	seven(ppl)	njɛ̣⁵³	njɪ̣t⁵	njẽɂ⁵³	nạịɂ⁵⁴	nạụt⁵²	
	329a	300	eight(ppl)	xjɛ⁵³	ʃɪ̣t⁵	ʃet⁵³	ʃöɂ⁵	ʃɛt⁵²	ʃiɂ³¹
	329b		eight(ppl)						jɔŋ⁵⁵
	330a	167	nine(ppl)	gau³⁴	gau³²	gau³	gok⁴³	kau⁵²	
	331a	8	ten(ppl)	tsʰi³	tsʰe⁵³	tsʰe³	tsʰe⁵³	tʰai³	cʰwat⁵⁵
	332a	32	hundred(ppl)	xjɔ³	ʃɔ⁵³	ʃo⁴²			jaɂ⁵⁵
	333a		thousand(ppl)		hiŋ⁴⁵				heŋ⁵⁵
	333b		thousand(ppl)	kʰjɨŋ⁵⁴		kʰəŋ⁵³	kʰiŋ⁵⁴		
	334a	178	many(ppl)	njɔ³⁵	mjɔ³	mjõ³⁵	mjɔ⁴⁵	mja⁵²	
	334b		many(ppl)	ʃɔ³⁵		ʃɔɂ⁵³			
	335a		all	ŋan⁵		ŋãɪ²⁴			
	336a		some	jam⁵	ɂạm³¹	jæ̣m⁴			
	337a		few	mạụ⁵			mo³²		
	337b		few		dʒɪ̣t⁵	dʒit⁵			
	337c		few						ne³¹
	338a		half	gɔ⁵		gɔ³	gauŋ³		
	338b		half	ji⁵	βʷi⁴	ji³	ɣi³⁵		
	339a	165	big	gu⁵⁴	kɔ̣⁵³	ge³	ɣi³⁵	kọ²³	cʰi³¹
	340a		small	ŋi³¹		ŋe³¹	ŋai²³	ŋai³	ŋji⁵⁵
	341a	34	long	xjeŋ³	hɯŋ⁴³	ʃjəŋ⁴³	xaŋ³	xaŋ²³	xraiŋ⁵⁵
	342a		short (length)		dɔt⁵⁴				
	342b		short (length)	djuŋ³		ləŋ⁴	laŋ³⁴	laŋ²³	
	343a		tall	njạŋ³	mjạŋ³¹	mjãŋ³²	mjạ³	mjụ̃³	
	344a		short (height)	njæ̣n⁴¹	jụm⁴³	njũɛ̃m³²	mjạm⁵	njạp⁵²	
	345a	4	thick	tʰɨu³	tʰu⁴³	tʰu³²	tʰau³		tʰuɂ⁵⁵
94	346a	116	thin	bu³		bo³	bo³		pa³¹
	347a	7	fat	tsʰɨu³	tsʰu⁴³	tsʰu³²	tsʰau³²		
	348a		skinny	gji⁵	gi⁴³	gi⁴			
	349a		wide, broad	lam³¹	lam³²	læ̣m³¹	le²	lẽ²³	
	350a		narrow	dzə³¹	dʒap⁵⁴	dʒæp⁵³		tsẹɂ⁵²	ʃaŋ⁵⁵
	351a		deep	nɔɂ³²	nɪk³²	nɔ̃ɂ³	noɂ⁴³		nʊɂ³¹
	352a		shallow	bu³¹		bɔ⁴			
54	353a	195	spherical	lai⁵	liŋ³²	ləŋ⁴		laŋ²³	laŋ³¹
	354a		full	djeŋ⁵	biŋ³⁴	bjəŋ⁴	bjaŋ³⁴		pjaiŋ³¹
	355a		right side	lɔɂ⁴³	lɔɂ³	lɔ̣ɂ³	loɂ³		lʊɂ³¹
	355b	86	right side	jɔ⁴²	jɔ³¹	ju⁴²	jo³²		
	356a		left side			goŋ⁵	kauŋ³		
	356b		left side	wi³⁴					
	357a		straight	dan³	diŋ⁴	dain³	dɪn⁴		
	358a	199	far	wɛ³	ve⁵³	we²	wa³⁴	ve⁵²	we³¹
	359a		near		dʒạŋ⁵³	dʒaŋk⁵³	dʒa³⁴	tsõ²³	
98	359b		near	ni³					ne³¹
	360a		this	hai³		hɛ³			haiŋ⁵⁵
	360b		this		ʃi⁵³	dzi⁵¹	tʃʰe⁴¹	tʃʰẹ³	
	361a		that	hau³	he⁵³	hau³	ɂai³¹		hʊn⁵⁵
	362a	344	black	nɔɂ³¹	nɔɂ³	nɔ̃ɂ³	noɂ²¹	naɂ⁵²	nuɂ³¹
	363a	3	white	tʰjɨu³	pʰju³²	pʰju⁴³	pʰju³	pʰju³	pʰjuɂ⁵⁵
	364a	59	red	nɛ³¹	ne³²	ne³¹	ne³	nẽ³	nɛ³¹
	365a	63	green	njæu³¹	njui³²	njau³¹	njọɂ⁴²	njụŋ³	
	366a		yellow			bɔ⁴	bo³⁵	pa²³	
	367a		dirty	tʃʰɔɂ⁵⁴	tʃʰa⁵	tʃʰɔɂ⁵³			
	367b		dirty	lauɂ³¹			lạk⁵³	lu²³	
	368a		new	ɂa³	ɂə³	ɂa³	ɂa²		
	368b	291	new	saik⁵⁴	sɪk⁵⁴	sək⁵³	sak⁵		
	369a		old	tsʰau⁵		tsʰau³	tsʰoɂ⁵⁴		
	370a		dark	tʃʰuat⁵⁴	tʃʰut⁵⁴	tʃʰoiɂ⁵³			
	370b		dark		ma³²	mau²			
	370c		dark				noɂ³⁴		ɲo⁵⁵
	371a		bright	baŋ³¹	bɔ³	baŋ³¹	bo³⁴		
	372a		same	de³	tsụŋ⁵³	du³¹	dau³		
	373a		different			gə⁵	gə²		
	374a	14	sweet	tʃʰau³	tʃʰui⁵³	tʃʰau³¹	tʃʰok⁵⁴		ʃwa⁵⁵
	375a	15	sour	dʒjɛn³	dʒɪn³¹	dʒeŋ³²	dʒɪn³²		ʃei⁵⁵
1	376a	105	bitter	kʰɔ⁵	kʰɔ⁵³	kʰɔ⁴	kʰo⁵	kʰa²³	kʰa³¹
	377a		spicy		pʰjɪk⁵	pʰjək⁵³	jak³		
	378a	307	rotten	buɔp³¹	bʊp³	buɛp²	bap³⁴		
	379a		swell	jam³		jæ̣m³			
	380a		dry	kjụk⁵⁴	kjụɂ⁵⁴	kjọɂ⁵³	kjạụɂ⁵³		xoɂ³¹
	381a		wet	dʒuɛɂ⁵²		dʒøm³²	dʒo⁵		
	382a		hot	ŋɛ⁵	njɛ³²				
	382b		hot			loŋ⁵¹	lauŋ³		
	383a		cold				gjoɂ³²		
	383b		cold	dʒam³		dʒæm⁵⁴			
	384a	254	sharp	dzuɂ³¹	tʰɔɂ⁵⁴	tʰɔɂ⁵²	tʰoɂ⁵⁴		tuɂ³¹
	385a		blunt	duam³					
	386a	192	heavy		lai⁵³	le³²	la⁵		
	387a		hard	tʰan³	tʰan³²	tʰãɪ²			
	388a		smooth	dʒụạt⁵⁴		dʒueɂ⁵³			
	388b		smooth		ɹa³	joŋ³	jæuŋ⁴		
	389a		fast	njap⁴²		mjæp³			
	390a		slow	dzɔ⁵		dzɔ⁴⁵		ta⁵²	
	390b		slow		jɔ̣⁴⁵	ɹɛ⁵³		je³	
	391a		strong	jɔm³	vum³	jɛm²³	ɣam³		
	391b		strong	bɔ³¹	bɔ³¹	bɔ⁵¹	bo³		
	392a		weak	nụk⁵³	njɔ̣m⁵³	nəŋ²	ne⁵		
	393a		tired	njuŋ³	mjuŋ⁵³	mjoŋ³	mjæuŋ⁴⁵		ŋɔ³¹
	394a		blind	dʒɛt³¹	dʒɪt³²	dʒe⁴⁵	dʒit⁵³		sʰi³¹
	396a		bald	la³	laŋ³				
	396b		bald			gjɛ³¹	kjɛ̣t⁵³		
	396c		bald		ŋɔt³²		ŋa³⁴		
	397a		naked	tʃʰjɛn³	tʃʰɪn⁵³	tʃʰen³²	dʒɛ̣t⁵		
	398a		good	gi³¹	ge³¹	ge³¹	gai²		kɔŋ³¹
	402a		when?	kʰa⁴	kʰət⁴³	kʰa²⁴	kʰö⁵		
	402b		when?	nạmp⁵²	nạm³²	næ̣p⁴²			
	403a		where?			mɔ²¹			
	403b		where?	dje³			dau⁵¹		
	404a		who?	haŋk⁵⁴		haŋ⁴		kʰak³	
	404b		who?			ŋọị³¹	ŋat³²		
	405a		what?	tʃʰa³	dʒuŋ⁵²	tʃʰɛ⁵³			
	405b		what?		ha⁵				
	406a		how many?	njɔ̣ɂ⁵³					
